Ссылка;Название;Название ин.;Дата выхода;Длительность;Страна;Жанр;Режиссёр;В главных ролях;РейтингКол-во оценок
https://www.kinopoisk.ru//film/435/;Зеленая миля;The Green Mile;1999;189;США;драма;Фрэнк Дарабонт;Том Хэнкс, Дэвид Морс;9,2;124445
https://www.kinopoisk.ru//film/326/;Побег из Шоушенка;The Shawshank Redemption;1994;142;США;драма;Фрэнк Дарабонт;Тим Роббинс, Морган Фриман;9,0;104034
https://www.kinopoisk.ru//film/448/;Форрест Гамп;Forrest Gump;1994;142;США;драма;Роберт Земекис;Том Хэнкс, Робин Райт;9,0;121919
https://www.kinopoisk.ru//film/329/;Список Шиндлера;Schindler's List;1993;195;США;драма;Стивен Спилберг;Лиам Нисон, Бен Кингсли;9,0;56499
https://www.kinopoisk.ru//film/679486/;Тайна Коко;Coco;2017;105;США;мультфильм;Ли Анкрич;Энтони Гонсалес, Гаэль Гарсиа Берналь;8,9;123236
https://www.kinopoisk.ru//film/3498/;Властелин колец: Возвращение короля;The Lord of the Rings: The Return of the King;2003;201;Новая;фэнтези;Питер Джексон;Элайджа Вуд, Вигго Мортенсен;8,9;39808
https://www.kinopoisk.ru//film/535341/;1+1;Intouchables;2011;112;Франция;драма;Оливье Накаш;Франсуа Клюзе, Омар Си;8,9;182652
https://www.kinopoisk.ru//film/258687/;Интерстеллар;Interstellar;2014;169;США;фантастика;Кристофер Нолан;Мэттью МакКонахи, Энн Хэтэуэй;8,8;95138
https://www.kinopoisk.ru//film/370/;Унесённые призраками;Sen to Chihiro no kamikakushi;2001;125;Япония;аниме;Хаяо Миядзаки;Руми Хиираги, Мию Ирино;8,8;81597
https://www.kinopoisk.ru//film/361/;Бойцовский клуб;Fight Club;1999;139;США;триллер;Дэвид Финчер;Эдвард Нортон, Брэд Питт;8,8;195729
https://www.kinopoisk.ru//film/342/;Криминальное чтиво;Pulp Fiction;1994;154;США;криминал;Квентин Тарантино;Джон Траволта, Сэмюэл Л. Джексон;8,8;118423
https://www.kinopoisk.ru//film/328/;Властелин колец: Братство Кольца;The Lord of the Rings: The Fellowship of the Ring;2001;178;Новая;фэнтези;Питер Джексон;Элайджа Вуд, Иэн Маккеллен;8,8;52807
https://www.kinopoisk.ru//film/42664/;Иван Васильевич меняет профессию;no eng title;1973;88;СССР;комедия;Леонид Гайдай;Александр Демьяненко, Юрий Яковлев;8,8;133021
https://www.kinopoisk.ru//film/312/;Властелин колец: Две крепости;The Lord of the Rings: The Two Towers;2002;179;Новая;фэнтези;Питер Джексон;Элайджа Вуд, Иэн Маккеллен;8,8;37092
https://www.kinopoisk.ru//film/2360/;Король Лев;The Lion King;1994;88;США;мультфильм;Роджер Аллерс;Мэттью Бродерик, Джереми Айронс;8,8;67233
https://www.kinopoisk.ru//film/476/;Назад в будущее;Back to the Future;1985;116;США;фантастика;Роберт Земекис;Майкл Дж. Фокс, Кристофер Ллойд;8,8;79854
https://www.kinopoisk.ru//film/77263/;Приключения Шерлока Холмса и доктора Ватсона: Собака Баскервилей;no eng title;1981;154;СССР;детектив;Игорь Масленников;Василий Ливанов, Виталий Соломин;8,8;48046
https://www.kinopoisk.ru//film/430/;Шрэк;Shrek;2001;90;США;мультфильм;Эндрю Адамсон;Майк Майерс, Эдди Мерфи;8,7;145279
https://www.kinopoisk.ru//film/77269/;Шерлок Холмс и доктор Ватсон: Знакомство;no eng title;1979;68;СССР;криминал;Игорь Масленников;Василий Ливанов, Виталий Соломин;8,7;56683
https://www.kinopoisk.ru//film/32898/;Достучаться до небес;Knockin' on Heaven's Door;1997;87;Германия;драма;Томас Ян;Тиль Швайгер, Ян Йозеф Лиферс;8,7;103822
https://www.kinopoisk.ru//film/46708/;Москва слезам не верит;no eng title;1979;150;СССР;мелодрама;Владимир Меньшов;Вера Алентова, Ирина Муравьёва;8,7;130039
https://www.kinopoisk.ru//film/397667/;Остров проклятых;Shutter Island;2009;138;США;триллер;Мартин Скорсезе;Леонардо ДиКаприо, Марк Руффало;8,7;152187
https://www.kinopoisk.ru//film/44386/;Джентльмены удачи;no eng title;1971;84;СССР;комедия;Александр Серый;Евгений Леонов, Георгий Вицин;8,7;124376
https://www.kinopoisk.ru//film/279102/;ВАЛЛ·И;WALLE;2008;98;США;мультфильм;Эндрю Стэнтон;Бен Бертт, Элисса Найт;8,7;82116
https://www.kinopoisk.ru//film/322/;Гарри Поттер и узник Азкабана;Harry Potter and the Prisoner of Azkaban;2004;142;Великобритания;фэнтези;Альфонсо Куарон;Дэниэл Рэдклифф, Руперт Гринт;8,7;108053
https://www.kinopoisk.ru//film/444/;Терминатор 2: Судный день;Terminator 2: Judgment Day;1991;137;США;фантастика;Джеймс Кэмерон;Арнольд Шварценеггер, Линда Хэмилтон;8,7;77567
https://www.kinopoisk.ru//film/49684/;Ходячий замок;Howl no Ugoku Shiro;2004;119;Япония;аниме;Хаяо Миядзаки;Тиэко Байсё, Такуя Кимура;8,7;68689
https://www.kinopoisk.ru//film/44168/;Девчата;no eng title;1962;92;СССР;мелодрама;Юрий Чулюкин;Надежда Румянцева, Николай Рыбников;8,7;120294
https://www.kinopoisk.ru//film/42782/;Операция «Ы» и другие приключения Шурика;no eng title;1965;95;СССР;комедия;Леонид Гайдай;Александр Демьяненко, Наталья Селезнёва;8,7;139029
https://www.kinopoisk.ru//film/111543/;Темный рыцарь;The Dark Knight;2008;152;США;фантастика;Кристофер Нолан;Кристиан Бэйл, Хит Леджер;8,7;69872
https://www.kinopoisk.ru//film/1143242/;Джентльмены;The Gentlemen;2019;113;Великобритания;криминал;Гай Ричи;Мэттью МакКонахи, Чарли Ханнэм;8,7;362403
https://www.kinopoisk.ru//film/689/;Гарри Поттер и философский камень;Harry Potter and the Sorcerer's Stone;2001;152;Великобритания;фэнтези;Крис Коламбус;Дэниэл Рэдклифф, Руперт Гринт;8,6;187538
https://www.kinopoisk.ru//film/43395/;...А зори здесь тихие;no eng title;1972;160;СССР;драма;Станислав Ростоцкий;Елена Драпеко, Екатерина Маркова;8,6;32115
https://www.kinopoisk.ru//film/4374/;Пираты Карибского моря: Проклятие Черной жемчужины;Pirates of the Caribbean: The Curse of the Black Pearl;2003;143;США;фэнтези;Гор Вербински;Джонни Депп, Джеффри Раш;8,6;158418
https://www.kinopoisk.ru//film/447301/;Начало;Inception;2010;148;США;фантастика;Кристофер Нолан;Леонардо ДиКаприо, Джозеф Гордон-Левитт;8,6;66457
https://www.kinopoisk.ru//film/324/;Поймай меня, если сможешь;Catch Me If You Can;2002;141;США;криминал;Стивен Спилберг;Леонардо ДиКаприо, Том Хэнкс;8,6;154901
https://www.kinopoisk.ru//film/42770/;Они сражались за Родину;no eng title;1975;160;СССР;драма;Сергей Бондарчук;Василий Шукшин, Вячеслав Тихонов;8,6;41425
https://www.kinopoisk.ru//film/474/;Гладиатор;Gladiator;2000;155;США;история;Ридли Скотт;Рассел Кроу, Хоакин Феникс;8,6;83206
https://www.kinopoisk.ru//film/2213/;Титаник;Titanic;1997;194;США;мелодрама;Джеймс Кэмерон;Леонардо ДиКаприо, Кейт Уинслет;8,6;132726
https://www.kinopoisk.ru//film/526/;Большой куш;Snatch;2000;104;Великобритания;криминал;Гай Ричи;Джейсон Стэйтем, Стивен Грэм;8,6;118072
https://www.kinopoisk.ru//film/957887/;Клаус;Klaus;2019;96;Испания;мультфильм;Серхио Паблос;Джейсон Шварцман, Дж.К. Симмонс;8,6;22748
https://www.kinopoisk.ru//film/1219177/;Человек-паук: Паутина вселенных;Spider-Man: Across the Spider-Verse;2023;140;США;мультфильм;Жуакин Душ Сантуш;Шамеик Мур, Хейли Стайнфелд;8,6;51317
https://www.kinopoisk.ru//film/77335/;Собачье сердце;no eng title;1988;136;СССР;фантастика;Владимир Бортко;Владимир Толоконников, Евгений Евстигнеев;8,6;76053
https://www.kinopoisk.ru//film/407636/;Гарри Поттер и Дары Смерти: Часть II;Harry Potter and the Deathly Hallows: Part 2;2011;130;Великобритания;фэнтези;Дэвид Йейтс;Дэниэл Рэдклифф, Руперт Гринт;8,6;75012
https://www.kinopoisk.ru//film/688/;Гарри Поттер и Тайная комната;Harry Potter and the Chamber of Secrets;2002;161;Великобритания;фэнтези;Крис Коламбус;Дэниэл Рэдклифф, Руперт Гринт;8,6;121560
https://www.kinopoisk.ru//film/8124/;Один дома;Home Alone;1990;103;США;комедия;Крис Коламбус;Маколей Калкин, Джо Пеши;8,6;259677
https://www.kinopoisk.ru//film/46225/;Бриллиантовая рука;no eng title;1968;94;СССР;комедия;Леонид Гайдай;Юрий Никулин, Андрей Миронов;8,6;100476
https://www.kinopoisk.ru//film/44745/;Кавказская пленница, или Новые приключения Шурика;no eng title;1966;82;СССР;комедия;Леонид Гайдай;Александр Демьяненко, Наталья Варлей;8,6;112406
https://www.kinopoisk.ru//film/25108/;В бой идут одни «старики»;no eng title;1973;87;СССР;военный;Леонид Быков;Леонид Быков, Сергей Подгорный;8,6;59924
https://www.kinopoisk.ru//film/1108577/;Зеленая книга;Green Book;2018;130;США;биография;Питер Фаррелли;Вигго Мортенсен, Махершала Али;8,6;187169
https://www.kinopoisk.ru//film/854/;Такси 2;Taxi 2;2000;88;Франция;боевик;Жерар Кравчик;Сами Насери, Фредерик Дифенталь;8,0;58936
https://www.kinopoisk.ru//film/453406/;Безумный Макс: Дорога ярости;Mad Max: Fury Road;2015;120;Австралия;боевик;Джордж Миллер;Том Харди, Шарлиз Терон;8,0;35045
https://www.kinopoisk.ru//film/7108/;Кто подставил кролика Роджера;Who Framed Roger Rabbit;1988;103;США;мультфильм;Роберт Земекис;Боб Хоскинс, Кристофер Ллойд;8,0;16323
https://www.kinopoisk.ru//film/77443/;Город грехов;Sin City;2005;124;США;боевик;Фрэнк Миллер;Брюс Уиллис, Микки Рурк;8,0;31857
https://www.kinopoisk.ru//film/15139/;Куда приводят мечты;What Dreams May Come;1998;113;США;фэнтези;Винсент Уорд;Робин Уильямс, Кьюба Гудинг мл.;8,0;17724
https://www.kinopoisk.ru//film/1024435/;Это чертово сердце;Dieses bescheuerte Herz;2017;104;Германия;драма;Марк Ротемунд;Элиас М’Барек, Филип Шварц;8,0;18244
https://www.kinopoisk.ru//film/2494/;Казино;Casino;1995;171;США;драма;Мартин Скорсезе;Роберт Де Ниро, Шэрон Стоун;8,0;11063
https://www.kinopoisk.ru//film/716041/;Жизнь Кабачка;Ma vie de Courgette;2016;66;Швейцария;мультфильм;Клод Баррас;Гаспар Шлэттер, Сикстин Мюра;8,0;5470
https://www.kinopoisk.ru//film/46376/;Небесный тихоход;no eng title;1945;83;СССР;комедия;Семен Тимошенко;Николай Крючков, Василий Меркурьев;8,0;9771
https://www.kinopoisk.ru//film/1048334/;Джокер;Joker;2019;122;США;драма;Тодд Филлипс;Хоакин Феникс, Роберт Де Ниро;8,0;60123
https://www.kinopoisk.ru//film/325439/;Чтец;The Reader;2008;124;США;драма;Стивен Долдри;Рэйф Файнс, Кейт Уинслет;8,0;18617
https://www.kinopoisk.ru//film/46683/;Молодая жена;no eng title;1978;97;СССР;драма;Леонид Менакер;Анна Каменкова, Владлен Бирюков;8,0;14735
https://www.kinopoisk.ru//film/1996/;Грязные танцы;Dirty Dancing;1987;100;США;драма;Эмиль Ардолино;Дженнифер Грей, Патрик Суэйзи;8,0;28719
https://www.kinopoisk.ru//film/963343/;Форма голоса;Koe no katachi;2016;130;Япония;аниме;Наоко Ямада;Мию Ирино, Саори Хаями;8,0;17019
https://www.kinopoisk.ru//film/495518/;Один день;One Day;2011;103;США;драма;Лоне Шерфиг;Энн Хэтэуэй, Джим Стёрджесс;8,0;31286
https://www.kinopoisk.ru//film/846875/;Восточный ветер 2;Ostwind 2;2015;103;Германия;драма;Катя фон Гарнье;Атила, Ханна Бинке;8,0;10542
https://www.kinopoisk.ru//film/46318/;Освобождение: Направление главного удара;no eng title;1970;123;СССР;драма;Юрий Озеров;Михаил Ульянов, Владлен Давыдов;8,0;6598
https://www.kinopoisk.ru//film/439/;Город бога;Cidade de Deus;2002;130;Бразилия;драма;Фернанду Мейреллиш;Алешандре Родригис, Леандру Фирмину;8,0;46329
https://www.kinopoisk.ru//film/887535/;Не/смотря ни на что;Mein Blind Date mit dem Leben;2017;111;Германия;комедия;Марк Ротемунд;Костя Улльман, Якоб Маченц;8,0;43506
https://www.kinopoisk.ru//film/806934/;Голос;Boychoir;2014;103;США;драма;Франсуа Жирар;Дастин Хоффман, Кэти Бейтс;8,0;19547
https://www.kinopoisk.ru//film/843686/;Лермонтов;no eng title;2014;69;Россия;драма;Максим Беспалый;Владимир Аблогин, Анна Леванова;8,0;28494
https://www.kinopoisk.ru//film/464561/;Цветы войны;Jin ling shi san chai;2011;146;Китай;военный;Чжан Имоу;Кристиан Бэйл, Ни Ни;8,0;11629
https://www.kinopoisk.ru//film/464/;Человек-слон;The Elephant Man;1980;125;США;драма;Дэвид Линч;Энтони Хопкинс, Джон Хёрт;7,9;5488
https://www.kinopoisk.ru//film/8232/;Спящая красавица;Sleeping Beauty;1958;75;США;мультфильм;Клайд Джероними;Мэри Коста, Билл Ширли;7,9;15568
https://www.kinopoisk.ru//film/77339/;Труффальдино из Бергамо;no eng title;1976;138;СССР;мюзикл;Владимир Воробьев;Константин Райкин, Наталья Гундарева;7,9;10551
https://www.kinopoisk.ru//film/44623/;Гусарская баллада;no eng title;1962;96;СССР;мюзикл;Эльдар Рязанов;Лариса Голубкина, Юрий Яковлев;7,9;12503
https://www.kinopoisk.ru//film/196604/;Нефть;There Will Be Blood;2007;158;США;драма;Пол Томас Андерсон;Дэниэл Дэй-Льюис, Пол Дано;7,9;13218
https://www.kinopoisk.ru//film/959365/;Невидимый гость;Contratiempo;2016;106;Испания;триллер;Ориол Паоло;Марио Касас, Ана Вахенер;7,9;31627
https://www.kinopoisk.ru//film/571/;Схватка;Heat;1995;171;США;боевик;Майкл Манн;Аль Пачино, Роберт Де Ниро;7,9;14258
https://www.kinopoisk.ru//film/413362/;Миллионер из трущоб;Slumdog Millionaire;2008;120;Великобритания;криминал;Дэнни Бойл;Дев Патель, Фрида Пинто;7,9;32127
https://www.kinopoisk.ru//film/6034/;Невероятная жизнь Уолтера Митти;The Secret Life of Walter Mitty;2013;114;США;комедия;Бен Стиллер;Бен Стиллер, Кристен Уиг;7,9;42741
https://www.kinopoisk.ru//film/42308/;Три тополя на Плющихе;no eng title;1968;79;СССР;мелодрама;Татьяна Лиознова;Татьяна Доронина, Олег Ефремов;7,9;10987
https://www.kinopoisk.ru//film/51481/;Хористы;Les Choristes;2004;95;Франция;драма;Кристоф Барратье;Жерар Жюньо, Франсуа Берлеан;7,9;5039
https://www.kinopoisk.ru//film/158786/;Жизнь Пи;Life of Pi;2012;127;США;фэнтези;Энг Ли;Сурадж Шарма, Ирфан Кхан;7,9;32884
https://www.kinopoisk.ru//film/8228/;Призрак в доспехах;Koukaku Kidoutai;1995;82;Япония;аниме;Мамору Осии;Ацуко Танака, Акио Оцука;7,9;7734
https://www.kinopoisk.ru//film/43332/;Проверка на дорогах;no eng title;1971;97;СССР;драма;Алексей Герман;Ролан Быков, Анатолий Солоницын;7,9;5378
https://www.kinopoisk.ru//film/88198/;Живая сталь;Real Steel;2011;127;США;фантастика;Шон Леви;Хью Джекман, Дакота Гойо;7,9;81588
https://www.kinopoisk.ru//film/41109/;Сёстры;no eng title;2001;83;Россия;драма;Сергей Бодров мл.;Оксана Акиньшина, Екатерина Горина;7,9;45401
https://www.kinopoisk.ru//film/1128826/;Пончары. Глобальное закругление;Extinct;2020;82;США;мультфильм;Дэвид Силверман;Адам Дивайн, Рэйчел Блум;7,9;27949
https://www.kinopoisk.ru//film/472/;Индиана Джонс и последний крестовый поход;Indiana Jones and the Last Crusade;1989;127;США;приключения;Стивен Спилберг;Харрисон Форд, Шон Коннери;7,9;15567
https://www.kinopoisk.ru//film/260101/;Ночь перед Рождеством;no eng title;1951;49;СССР;мультфильм;Валентина Брумберг;Владимир Грибков, Вера Марецкая;7,9;6754
https://www.kinopoisk.ru//film/255129/;Звездный путь;Star Trek;2009;127;США;фантастика;Джей Джей Абрамс;Крис Пайн, Закари Куинто;7,9;30530
https://www.kinopoisk.ru//film/42653/;Иван Бровкин на целине;no eng title;1958;97;СССР;комедия;Иван Лукинский;Леонид Харитонов, Татьяна Пельтцер;7,9;11126
https://www.kinopoisk.ru//film/980347/;Дыши ради нас;Breathe;2017;118;Великобритания;драма;Энди Серкис;Эндрю Гарфилд, Клэр Фой;7,9;13173
https://www.kinopoisk.ru//film/6039/;Маска;The Mask;1994;101;США;комедия;Чак Рассел;Джим Керри, Кэмерон Диас;7,9;103651
https://www.kinopoisk.ru//film/455194/;Пленницы;Prisoners;2013;153;США;триллер;Дени Вильнёв;Хью Джекман, Джейк Джилленхол;7,9;25067
https://www.kinopoisk.ru//film/232785/;Господин Никто;Mr. Nobody;2009;138;Бельгия;фантастика;Жако ван Дормель;Джаред Лето, Сара Полли;7,9;38859
https://www.kinopoisk.ru//film/41242/;Классик;no eng title;1998;101;Россия;боевик;Георгий Шенгелия;Сергей Никоненко, Юозас Будрайтис;7,9;22378
https://www.kinopoisk.ru//film/45533/;Чук и Гек;no eng title;1953;48;СССР;драма;Иван Лукинский;Юра Чучунов, Андрей Чиликин;7,9;9503
https://www.kinopoisk.ru//film/1146303/;Митчеллы против машин;The Mitchells vs the Machines;2020;114;США;мультфильм;Майкл Рианда;Эбби Джейкобсон, Дэнни Макбрайд;7,9;11746
https://www.kinopoisk.ru//film/280172/;Как приручить дракона;How to Train Your Dragon;2010;98;США;мультфильм;Дин ДеБлуа;Джей Барушель, Джерард Батлер;8,6;91995
https://www.kinopoisk.ru//film/387556/;Хатико: Самый верный друг;Hachi: A Dog's Tale;2008;89;США;драма;Лассе Халльстрём;Ричард Гир, Джоан Аллен;8,6;56472
https://www.kinopoisk.ru//film/42736/;Офицеры;no eng title;1971;91;СССР;драма;Владимир Роговой;Георгий Юматов, Василий Лановой;8,5;37155
https://www.kinopoisk.ru//film/43869/;Служебный роман;no eng title;1977;159;СССР;мелодрама;Эльдар Рязанов;Андрей Мягков, Алиса Фрейндлих;8,5;110001
https://www.kinopoisk.ru//film/389/;Леон;Lon;1994;133;Франция;боевик;Люк Бессон;Жан Рено, Натали Портман;8,5;56362
https://www.kinopoisk.ru//film/41519/;Брат;no eng title;1997;100;Россия;драма;Алексей Балабанов;Сергей Бодров мл., Виктор Сухоруков;8,5;214885
https://www.kinopoisk.ru//film/5273/;Шрэк 2;Shrek 2;2004;93;США;мультфильм;Эндрю Адамсон;Майк Майерс, Эдди Мерфи;8,5;114240
https://www.kinopoisk.ru//film/649917/;По соображениям совести;Hacksaw Ridge;2016;139;Австралия;биография;Мэл Гибсон;Эндрю Гарфилд, Сэм Уортингтон;8,5;109629
https://www.kinopoisk.ru//film/522/;Карты, деньги, два ствола;Lock, Stock and Two Smoking Barrels;1998;107;Великобритания;боевик;Гай Ричи;Джейсон Флеминг, Декстер Флетчер;8,5;39167
https://www.kinopoisk.ru//film/573759/;Остров сокровищ;no eng title;1988;107;СССР;мультфильм;Давид Черкасский;Владимир Заднепровский, Евгений Паперный;8,5;46054
https://www.kinopoisk.ru//film/381/;Жизнь прекрасна;La vita  bella;1997;116;Италия;военный;Роберто Бениньи;Роберто Бениньи, Николетта Браски;8,5;16471
https://www.kinopoisk.ru//film/8221/;Мой сосед Тоторо;Tonari no Totoro;1988;86;Япония;аниме;Хаяо Миядзаки;Норико Хидака, Тика Сакамото;8,5;36187
https://www.kinopoisk.ru//film/586397/;Джанго освобожденный;Django Unchained;2012;165;США;вестерн;Квентин Тарантино;Джейми Фокс, Кристоф Вальц;8,5;113493
https://www.kinopoisk.ru//film/41520/;Брат 2;no eng title;2000;127;Россия;боевик;Алексей Балабанов;Сергей Бодров мл., Виктор Сухоруков;8,5;144623
https://www.kinopoisk.ru//film/470553/;Прислуга;The Help;2011;146;США;драма;Тейт Тейлор;Эмма Стоун, Виола Дэвис;8,5;110367
https://www.kinopoisk.ru//film/355/;Пианист;The Pianist;2002;149;Франция;драма;Роман Полански;Эдриан Броуди, Эмилия Фокс;8,5;60859
https://www.kinopoisk.ru//film/714248/;Песнь моря;Song of the Sea;2014;93;Ирландия;мультфильм;Томм Мур;Дэвид Роул, Брендан Глисон;8,5;25532
https://www.kinopoisk.ru//film/441/;Принцесса Мононоке;Mononoke-hime;1997;134;Япония;аниме;Хаяо Миядзаки;Ёдзи Мацуда, Юрико Исида;8,5;23307
https://www.kinopoisk.ru//film/44027/;Судьба человека;no eng title;1959;97;СССР;драма;Сергей Бондарчук;Сергей Бондарчук, Павел Полунин;8,5;24873
https://www.kinopoisk.ru//film/5502/;Назад в будущее 2;Back to the Future Part II;1989;108;США;фантастика;Роберт Земекис;Майкл Дж. Фокс, Кристофер Ллойд;8,5;44975
https://www.kinopoisk.ru//film/63912/;Укрощение строптивого;Il bisbetico domato;1980;107;Италия;мелодрама;Франко Кастеллано;Адриано Челентано, Орнелла Мути;8,5;76667
https://www.kinopoisk.ru//film/89514/;Рататуй;Ratatouille;2007;111;США;мультфильм;Брэд Бёрд;Пэттон Освальт, Иэн Холм;8,4;116566
https://www.kinopoisk.ru//film/803422/;Пеле: Рождение легенды;Pel: Birth of a Legend;2015;107;США;биография;Джефф Цимбалист;Кевин де Паула, Леонардо Лима Карвальо;8,4;91579
https://www.kinopoisk.ru//film/325/;Крестный отец;The Godfather;1972;175;США;драма;Фрэнсис Форд Коппола;Марлон Брандо, Аль Пачино;8,4;35319
https://www.kinopoisk.ru//film/46745/;Мужики!..;no eng title;1981;97;СССР;драма;Искра Бабич;Александр Михайлов, Ирина Иванова;8,4;31866
https://www.kinopoisk.ru//film/63991/;Пираты Карибского моря: Сундук мертвеца;Pirates of the Caribbean: Dead Man's Chest;2006;151;США;фэнтези;Гор Вербински;Джонни Депп, Орландо Блум;8,4;104148
https://www.kinopoisk.ru//film/278522/;Хоббит: Нежданное путешествие;The Hobbit: An Unexpected Journey;2012;169;Новая;фэнтези;Питер Джексон;Мартин Фриман, Иэн Маккеллен;8,4;91914
https://www.kinopoisk.ru//film/77283/;Тот самый Мюнхгаузен;no eng title;1979;134;СССР;фэнтези;Марк Захаров;Олег Янковский, Инна Чурикова;8,4;24374
https://www.kinopoisk.ru//film/4871/;Запах женщины;Scent of a Woman;1992;156;США;драма;Мартин Брест;Аль Пачино, Крис О’Доннелл;8,4;34948
https://www.kinopoisk.ru//film/775276/;Зверополис;Zootopia;2016;108;США;мультфильм;Байрон Ховард;Джиннифер Гудвин, Джейсон Бейтман;8,4;172404
https://www.kinopoisk.ru//film/301/;Матрица;The Matrix;1999;136;США;фантастика;Лана Вачовски;Киану Ривз, Лоренс Фишбёрн;8,4;54534
https://www.kinopoisk.ru//film/725190/;Одержимость;Whiplash;2013;106;США;драма;Дэмьен Шазелл;Майлз Теллер, Дж.К. Симмонс;8,4;85021
https://www.kinopoisk.ru//film/77264/;Шерлок Холмс и доктор Ватсон: Сокровища Агры;no eng title;1983;151;СССР;мелодрама;Игорь Масленников;Василий Ливанов, Виталий Соломин;8,4;17727
https://www.kinopoisk.ru//film/5928/;Один дома 2: Затерянный в Нью-Йорке;Home Alone 2: Lost in New York;1992;119;США;комедия;Крис Коламбус;Маколей Калкин, Джо Пеши;8,4;190647
https://www.kinopoisk.ru//film/458/;Корпорация монстров;Monsters, Inc.;2001;92;США;мультфильм;Пит Доктер;Джон Гудман, Билли Кристал;8,4;77444
https://www.kinopoisk.ru//film/572553/;Маленький принц;Le Petit Prince;2015;108;Франция;мультфильм;Марк Осборн;Джефф Бриджес, Маккензи Фой;8,4;29332
https://www.kinopoisk.ru//film/8408/;Гарри Поттер и Кубок огня;Harry Potter and the Goblet of Fire;2005;157;Великобритания;фэнтези;Майк Ньюэлл;Дэниэл Рэдклифф, Руперт Гринт;8,4;96313
https://www.kinopoisk.ru//film/2656/;Пятый элемент;The Fifth Element;1997;126;Франция;фантастика;Люк Бессон;Брюс Уиллис, Милла Йовович;8,4;110657
https://www.kinopoisk.ru//film/42571/;Иди и смотри;no eng title;1985;136;СССР;драма;Элем Климов;Алексей Кравченко, Ольга Миронова;8,4;40521
https://www.kinopoisk.ru//film/5277/;Мулан;Mulan;1998;84;США;мультфильм;Тони Бэнкрофт;Эдди Мерфи, Лиа Салонга;8,4;47547
https://www.kinopoisk.ru//film/195334/;Престиж;The Prestige;2006;125;Великобритания;триллер;Кристофер Нолан;Хью Джекман, Кристиан Бэйл;8,4;35307
https://www.kinopoisk.ru//film/694633/;Хоббит: Битва пяти воинств;The Hobbit: The Battle of the Five Armies;2014;144;Новая;фэнтези;Питер Джексон;Мартин Фриман, Иэн Маккеллен;8,4;65004
https://www.kinopoisk.ru//film/6006/;Мадагаскар;Madagascar;2005;86;США;мультфильм;Эрик Дарнелл;Бен Стиллер, Крис Рок;8,4;108395
https://www.kinopoisk.ru//film/81314/;Отступники;The Departed;2006;151;США;триллер;Мартин Скорсезе;Леонардо ДиКаприо, Мэтт Дэймон;8,4;31605
https://www.kinopoisk.ru//film/327/;Крестный отец 2;The Godfather: Part II;1974;202;США;драма;Фрэнсис Форд Коппола;Аль Пачино, Роберт Де Ниро;8,4;16634
https://www.kinopoisk.ru//film/7724/;Летят журавли;no eng title;1957;95;СССР;военный;Михаил Калатозов;Татьяна Самойлова, Алексей Баталов;8,4;19506
https://www.kinopoisk.ru//film/346/;12 разгневанных мужчин;12 Angry Men;1956;96;США;драма;Сидни Люмет;Генри Фонда, Мартин Болсам;8,4;10197
https://www.kinopoisk.ru//film/462682/;Волк с Уолл-стрит;The Wolf of Wall Street;2013;180;США;драма;Мартин Скорсезе;Леонардо ДиКаприо, Джона Хилл;8,4;227080
https://www.kinopoisk.ru//film/45146/;Любовь и голуби;no eng title;1984;107;СССР;мелодрама;Владимир Меньшов;Александр Михайлов, Нина Дорошина;8,4;142617
https://www.kinopoisk.ru//film/4541/;Шоу Трумана;The Truman Show;1998;103;США;драма;Питер Уир;Джим Керри, Лора Линни;8,4;94821
https://www.kinopoisk.ru//film/5619/;Звёздные войны: Эпизод 3 — Месть ситхов;Star Wars: Episode III - Revenge of the Sith;2005;140;США;фантастика;Джордж Лукас;Юэн Макгрегор, Натали Портман;8,4;45222
https://www.kinopoisk.ru//film/2361/;Аладдин;Aladdin;1992;90;США;мультфильм;Рон Клементс;Скотт Венгер, Робин Уильямс;8,4;36805
https://www.kinopoisk.ru//film/470191/;Невероятный мир глазами Энцо;The Art of Racing in the Rain;2019;109;США;драма;Саймон Кёртис;Кевин Костнер, Майло Вентимилья;8,4;47374
https://www.kinopoisk.ru//film/2428/;Ведьмина служба доставки;Majo no takkybin;1989;103;Япония;аниме;Хаяо Миядзаки;Минами Такаяма, Рэи Сакума;8,4;21786
https://www.kinopoisk.ru//film/45660/;Вам и не снилось...;no eng title;1980;86;СССР;драма;Илья Фрэз;Татьяна Аксюта, Никита Михайловский;8,4;34606
https://www.kinopoisk.ru//film/89515/;Гарри Поттер и Принц-полукровка;Harry Potter and the Half-Blood Prince;2009;153;Великобритания;фэнтези;Дэвид Йейтс;Дэниэл Рэдклифф, Руперт Гринт;8,4;77707
https://www.kinopoisk.ru//film/1178267/;Сестрёнка;no eng title;2019;94;Россия;драма;Александр Галибин;Арслан Крымчурин, Марта Кесслер;8,4;104286
https://www.kinopoisk.ru//film/592260/;Эрнест и Селестина: Приключения мышки и медведя;Ernest et Clestine;2012;80;Франция;мультфильм;Стефани Обье;Ламбер Вильсон, Полин Брюннер;8,4;13373
https://www.kinopoisk.ru//film/848894/;Вторая жизнь Уве;En man som heter Ove;2015;116;Швеция;драма;Ханнес Холм;Рольф Лассгор, Бахар Парс;8,4;129629
https://www.kinopoisk.ru//film/7660/;Холодное лето пятьдесят третьего...;no eng title;1987;102;СССР;драма;Александр Прошкин;Валерий Приёмыхов, Анатолий Папанов;8,4;37852
https://www.kinopoisk.ru//film/102124/;Пираты Карибского моря: На краю света;Pirates of the Caribbean: At World's End;2007;169;США;приключения;Гор Вербински;Джонни Депп, Джеффри Раш;8,4;107717
https://www.kinopoisk.ru//film/46285/;На войне как на войне;no eng title;1968;90;СССР;военный;Виктор Трегубович;Михаил Кононов, Олег Борисов;8,4;16413
https://www.kinopoisk.ru//film/843649/;Мстители: Война бесконечности;Avengers: Infinity War;2018;149;США;фантастика;Энтони Руссо;Роберт Дауни мл., Крис Хемсворт;8,4;102976
https://www.kinopoisk.ru//film/864138/;Лев;Lion;2016;118;Австралия;драма;Гарт Дэвис;Дев Патель, Николь Кидман;8,4;55644
https://www.kinopoisk.ru//film/46789/;12 стульев;no eng title;1971;153;СССР;комедия;Леонид Гайдай;Арчил Гомиашвили, Сергей Филиппов;8,4;45064
https://www.kinopoisk.ru//film/345/;Молчание ягнят;The Silence of the Lambs;1990;118;США;триллер;Джонатан Демме;Джоди Фостер, Энтони Хопкинс;8,3;67804
https://www.kinopoisk.ru//film/399/;Храброе сердце;Braveheart;1995;178;США;история;Мэл Гибсон;Мэл Гибсон, Софи Марсо;8,3;41815
https://www.kinopoisk.ru//film/46068/;Белый Бим Черное ухо;no eng title;1976;183;СССР;драма;Станислав Ростоцкий;Вячеслав Тихонов, Валентина Владимирова;8,3;14694
https://www.kinopoisk.ru//film/41381/;В августе 44-го;no eng title;2001;118;Россия;боевик;Михаил Пташук;Евгений Миронов, Владислав Галкин;8,3;86937
https://www.kinopoisk.ru//film/965754/;Дело храбрых;Only the Brave;2017;134;США;драма;Джозеф Косински;Джош Бролин, Майлз Теллер;8,3;76407
https://www.kinopoisk.ru//film/408876/;Хоббит: Пустошь Смауга;The Hobbit: The Desolation of Smaug;2013;161;Новая;фэнтези;Питер Джексон;Мартин Фриман, Ричард Армитедж;8,3;60855
https://www.kinopoisk.ru//film/775273/;Душа;Soul;2020;106;США;мультфильм;Пит Доктер;Джейми Фокс, Тина Фей;8,3;100560
https://www.kinopoisk.ru//film/436263/;Брестская крепость;no eng title;2010;131;Беларусь;военный;Александр Котт;Алексей Копашов, Андрей Мерзликин;8,3;37212
https://www.kinopoisk.ru//film/325381/;Вверх;Up;2009;96;США;мультфильм;Пит Доктер;Эдвард Эснер, Кристофер Пламмер;8,3;57481
https://www.kinopoisk.ru//film/395787/;Семь жизней;Seven Pounds;2008;118;США;драма;Габриэле Муччино;Уилл Смит, Розарио Доусон;8,3;72765
https://www.kinopoisk.ru//film/8125/;Красотка;Pretty Woman;1990;115;США;мелодрама;Гэрри Маршалл;Ричард Гир, Джулия Робертс;8,3;133490
https://www.kinopoisk.ru//film/5059/;Знакомьтесь, Джо Блэк;Meet Joe Black;1998;178;США;мелодрама;Мартин Брест;Брэд Питт, Энтони Хопкинс;8,3;100100
https://www.kinopoisk.ru//film/527/;День сурка;Groundhog Day;1993;101;США;фэнтези;Харольд Рэмис;Билл Мюррей, Энди Макдауэлл;8,3;83816
https://www.kinopoisk.ru//film/958722/;Твоё имя;Kimi no na wa.;2016;110;Япония;аниме;Макото Синкай;Рюносукэ Камики, Монэ Камисираиси;8,3;32608
https://www.kinopoisk.ru//film/368937/;Приключения Шерлока Холмса и доктора Ватсона: Охота на тигра;no eng title;1980;65;СССР;криминал;Игорь Масленников;Василий Ливанов, Виталий Соломин;8,3;11997
https://www.kinopoisk.ru//film/2513/;Анастасия;Anastasia;1997;94;США;мультфильм;Дон Блут;Мег Райан, Джон Кьюсак;8,3;40507
https://www.kinopoisk.ru//film/530/;Игры разума;A Beautiful Mind;2001;135;США;драма;Рон Ховард;Рассел Кроу, Эд Харрис;8,3;29568
https://www.kinopoisk.ru//film/41431/;Война;no eng title;2002;120;Россия;боевик;Алексей Балабанов;Алексей Чадов, Иэн Келли;8,3;43009
https://www.kinopoisk.ru//film/920265/;Человек-паук: Через вселенные;Spider-Man: Into the Spider-Verse;2018;117;Канада;мультфильм;Боб Персичетти;Шамеик Мур, Джейк Джонсон;8,3;78422
https://www.kinopoisk.ru//film/645118/;Головоломка;Inside Out;2015;95;США;мультфильм;Пит Доктер;Эми Полер, Филлис Смит;8,3;87246
https://www.kinopoisk.ru//film/4996/;Общество мертвых поэтов;Dead Poets Society;1989;128;США;драма;Питер Уир;Робин Уильямс, Роберт Шон Леонард;8,3;20336
https://www.kinopoisk.ru//film/7640/;Двухсотлетний человек;Bicentennial Man;1999;126;Германия;фантастика;Крис Коламбус;Робин Уильямс, Эмбет Дэвидц;8,3;40548
https://www.kinopoisk.ru//film/6877/;Терминал;The Terminal;2004;124;США;драма;Стивен Спилберг;Том Хэнкс, Кэтрин Зета-Джонс;8,3;96890
https://www.kinopoisk.ru//film/7103/;Назад в будущее 3;Back to the Future Part III;1990;118;США;фантастика;Роберт Земекис;Майкл Дж. Фокс, Кристофер Ллойд;8,3;36578
https://www.kinopoisk.ru//film/8240/;Навсикая из долины ветров;Kaze no tani no Naushika;1984;117;Япония;аниме;Хаяо Миядзаки;Суми Симамото, Махито Цудзимура;8,3;12357
https://www.kinopoisk.ru//film/104938/;В погоне за счастьем;The Pursuit of Happyness;2006;117;США;драма;Габриэле Муччино;Уилл Смит, Джейден Смит;8,3;59876
https://www.kinopoisk.ru//film/9691/;Бесславные ублюдки;Inglourious Basterds;2009;153;Германия;боевик;Квентин Тарантино;Брэд Питт, Кристоф Вальц;8,3;140918
https://www.kinopoisk.ru//film/77203/;Покровские ворота;no eng title;1982;140;СССР;мюзикл;Михаил Козаков;Олег Меньшиков, Леонид Броневой;8,3;34564
https://www.kinopoisk.ru//film/835086/;Ford против Ferrari;Ford v Ferrari;2019;152;США;биография;Джеймс Мэнголд;Кристиан Бэйл, Мэтт Дэймон;8,3;133526
https://www.kinopoisk.ru//film/48356/;Гарри Поттер и Орден Феникса;Harry Potter and the Order of the Phoenix;2007;138;Великобритания;фэнтези;Дэвид Йейтс;Дэниэл Рэдклифф, Руперт Гринт;8,3;87639
https://www.kinopoisk.ru//film/81297/;Малышка на миллион;Million Dollar Baby;2004;132;США;драма;Клинт Иствуд;Клинт Иствуд, Хилари Суэнк;8,3;42497
https://www.kinopoisk.ru//film/46368/;Не может быть!;no eng title;1975;92;СССР;мелодрама;Леонид Гайдай;Михаил Пуговкин, Нина Гребешкова;8,3;37351
https://www.kinopoisk.ru//film/276762/;Гарри Поттер и Дары Смерти: Часть I;Harry Potter and the Deathly Hallows: Part 1;2010;146;Великобритания;фэнтези;Дэвид Йейтс;Дэниэл Рэдклифф, Руперт Гринт;8,3;66968
https://www.kinopoisk.ru//film/349/;Хороший, плохой, злой;Il buono, il brutto, il cattivo;1966;178;Италия;вестерн;Серджио Леоне;Клинт Иствуд, Ли Ван Клиф;8,3;12404
https://www.kinopoisk.ru//film/44238/;Добро пожаловать, или Посторонним вход воспрещен;no eng title;1964;71;СССР;комедия;Элем Климов;Виктор Косых, Евгений Евстигнеев;8,3;35532
https://www.kinopoisk.ru//film/571896/;Собачья жизнь;A Dog's Purpose;2017;100;США;фэнтези;Лассе Халльстрём;Джош Гад, Деннис Куэйд;8,3;23763
https://www.kinopoisk.ru//film/466581/;Хранители снов;Rise of the Guardians;2012;97;США;мультфильм;Питер Рэмзи;Крис Пайн, Алек Болдуин;8,3;61231
https://www.kinopoisk.ru//film/540/;Красавица и чудовище;Beauty and the Beast;1991;84;США;мультфильм;Гари Труздейл;Робби Бенсон, Джесси Корти;8,3;37568
https://www.kinopoisk.ru//film/437410/;Темный рыцарь: Возрождение легенды;The Dark Knight Rises;2012;165;США;фантастика;Кристофер Нолан;Кристиан Бэйл, Том Харди;8,3;47815
https://www.kinopoisk.ru//film/251733/;Аватар;Avatar;2009;162;США;фантастика;Джеймс Кэмерон;Сэм Уортингтон, Зои Салдана;8,3;128152
https://www.kinopoisk.ru//film/279828/;Смех и горе у Бела моря;no eng title;1988;59;СССР;мультфильм;Леонид Носырев;Анатолий Баранцев, Евгений Леонов;8,3;8817
https://www.kinopoisk.ru//film/906042/;Приключения Паддингтона 2;Paddington 2;2017;103;Великобритания;фэнтези;Пол Кинг;Бен Уишоу, Хью Бонневилль;8,3;63170
https://www.kinopoisk.ru//film/1991/;Привидение;Ghost;1990;127;США;мелодрама;Джерри Цукер;Патрик Суэйзи, Деми Мур;8,3;52516
https://www.kinopoisk.ru//film/77267/;Шерлок Холмс и доктор Ватсон: Двадцатый век начинается;no eng title;1986;150;СССР;триллер;Игорь Масленников;Василий Ливанов, Виталий Соломин;8,3;14456
https://www.kinopoisk.ru//film/1103852/;Укрась прощальное утро цветами обещания;Sayonara no asa ni yakusoku no hana o kazaro;2018;115;Япония;аниме;Мари Окада;Манака Ивами, Мию Ирино;8,3;35957
https://www.kinopoisk.ru//film/1044280/;Стражи Галактики. Часть 3;Guardians of the Galaxy Vol. 3;2023;150;США;фантастика;Джеймс Ганн;Крис Пратт, Карен Гиллан;8,3;90600
https://www.kinopoisk.ru//film/261127/;Рыбка Поньо на утесе;Gake no ue no Ponyo;2008;101;Япония;аниме;Хаяо Миядзаки;Юриа Нара, Хироки Дои;8,3;18787
https://www.kinopoisk.ru//film/12198/;Игра;The Game;1997;129;США;триллер;Дэвид Финчер;Майкл Дуглас, Шон Пенн;8,3;84677
https://www.kinopoisk.ru//film/395/;Шестое чувство;The Sixth Sense;1999;107;США;детектив;М. Найт Шьямалан;Брюс Уиллис, Хэйли Джоэл Осмент;8,3;52986
https://www.kinopoisk.ru//film/46638/;Мимино;no eng title;1977;92;СССР;драма;Георгий Данелия;Вахтанг Кикабидзе, Фрунзик Мкртчян;8,3;38456
https://www.kinopoisk.ru//film/16117/;Лис и пёс;The Fox and the Hound;1981;83;США;мультфильм;Тед Берман;Микки Руни, Курт Рассел;8,3;16916
https://www.kinopoisk.ru//film/46066/;Белое солнце пустыни;no eng title;1969;84;СССР;боевик;Владимир Мотыль;Анатолий Кузнецов, Спартак Мишулин;8,3;44395
https://www.kinopoisk.ru//film/377/;Семь;Se7en;1995;127;США;триллер;Дэвид Финчер;Брэд Питт, Морган Фриман;8,3;45444
https://www.kinopoisk.ru//film/46063/;Белорусский вокзал;no eng title;1970;95;СССР;драма;Андрей Смирнов;Евгений Леонов, Анатолий Папанов;8,3;14006
https://www.kinopoisk.ru//film/61237/;Железный человек;Iron Man;2008;121;США;фантастика;Джон Фавро;Роберт Дауни мл., Джефф Бриджес;8,3;120193
https://www.kinopoisk.ru//film/1949/;Мачеха;Stepmom;1998;120;США;драма;Крис Коламбус;Джулия Робертс, Сьюзен Сарандон;8,3;31772
https://www.kinopoisk.ru//film/44811/;Кин-дза-дза!;no eng title;1986;135;СССР;фантастика;Георгий Данелия;Станислав Любшин, Евгений Леонов;8,3;53638
https://www.kinopoisk.ru//film/456/;Унесённые ветром;Gone with the Wind;1939;222;США;мелодрама;Виктор Флеминг;Вивьен Ли, Кларк Гейбл;8,3;19536
https://www.kinopoisk.ru//film/45694/;Вечера на хуторе близ Диканьки;no eng title;1961;66;СССР;фэнтези;Александр Роу;Юрий Тавров, Людмила Хитяева;8,3;35689
https://www.kinopoisk.ru//film/44720/;Карнавальная ночь;no eng title;1956;78;СССР;комедия;Эльдар Рязанов;Игорь Ильинский, Людмила Гурченко;8,2;38868
https://www.kinopoisk.ru//film/450213/;Невидимая сторона;The Blind Side;2009;129;США;драма;Джон Ли Хэнкок;Сандра Буллок, Куинтон Аарон;8,2;51189
https://www.kinopoisk.ru//film/1191022/;Подольские курсанты;no eng title;2020;136;Россия;военный;Вадим Шмелев;Алексей Бардуков, Евгений Дятлов;8,2;83780
https://www.kinopoisk.ru//film/740/;Лило и Стич;Lilo & Stitch;2002;85;США;мультфильм;Дин ДеБлуа;Дэйви Чейз, Крис Сандерс;8,2;37723
https://www.kinopoisk.ru//film/1009142/;Зверопой 2;Sing 2;2021;110;США;мультфильм;Гарт Дженнингс;Тори Келли, Риз Уизерспун;8,2;113432
https://www.kinopoisk.ru//film/839/;Спирит: Душа прерий;Spirit: Stallion of the Cimarron;2002;83;США;мультфильм;Келли Эсбёри;Мэтт Дэймон, Джеймс Кромуэлл;8,2;18280
https://www.kinopoisk.ru//film/104927/;Отпуск по обмену;The Holiday;2006;136;США;мелодрама;Нэнси Майерс;Кэмерон Диас, Кейт Уинслет;8,2;132486
https://www.kinopoisk.ru//film/722951/;Чудо;Wonder;2017;113;США;драма;Стивен Чбоски;Джейкоб Тремблей, Оуэн Уилсон;8,2;40452
https://www.kinopoisk.ru//film/8129/;101 далматинец;One Hundred and One Dalmatians;1961;79;США;мультфильм;Клайд Джероними;Род Тейлор, Дж. Пэт О’Мэлли;8,2;42121
https://www.kinopoisk.ru//film/45314/;Жестокий романс;no eng title;1984;137;СССР;драма;Эльдар Рязанов;Лариса Гузеева, Андрей Мягков;8,2;27995
https://www.kinopoisk.ru//film/966036/;Скрытые фигуры;Hidden Figures;2016;127;США;драма;Тед Мелфи;Тараджи П. Хенсон, Октавия Спенсер;8,2;55301
https://www.kinopoisk.ru//film/7097/;Балто;Balto;1995;71;США;мультфильм;Саймон Уэллс;Кевин Бейкон, Боб Хоскинс;8,2;11740
https://www.kinopoisk.ru//film/7908/;В поисках Немо;Finding Nemo;2003;101;США;мультфильм;Эндрю Стэнтон;Альберт Брукс, Эллен ДеДженерес;8,2;55059
https://www.kinopoisk.ru//film/8227/;Леди и бродяга;Lady and the Tramp;1955;76;США;мультфильм;Клайд Джероними;Пегги Ли, Ларри Робертс;8,2;33092
https://www.kinopoisk.ru//film/819101/;Омерзительная восьмерка;The Hateful Eight;2015;168;США;вестерн;Квентин Тарантино;Курт Рассел, Сэмюэл Л. Джексон;8,2;47218
https://www.kinopoisk.ru//film/519/;Человек дождя;Rain Man;1988;133;США;драма;Барри Левинсон;Дастин Хоффман, Том Круз;8,2;71881
https://www.kinopoisk.ru//film/707/;Ледниковый период;Ice Age;2002;81;США;мультфильм;Крис Уэдж;Рэй Романо, Джон Легуизамо;8,2;52841
https://www.kinopoisk.ru//film/838/;Человек-паук;Spider-Man;2002;121;США;фантастика;Сэм Рэйми;Тоби Магуайр, Уиллем Дефо;8,2;87251
https://www.kinopoisk.ru//film/1188529/;Достать ножи;Knives Out;2019;130;США;детектив;Райан Джонсон;Дэниэл Крэйг, Ана де Армас;8,2;267398
https://www.kinopoisk.ru//film/645276/;Лекарь: Ученик Авиценны;The Physician;2013;155;Германия;приключения;Филипп Штёльцль;Том Пэйн, Бен Кингсли;8,2;81790
https://www.kinopoisk.ru//film/233084/;Творение Господне;Something the Lord Made;2004;110;США;драма;Джозеф Сарджент;Ясин Бей, Алан Рикман;8,2;26329
https://www.kinopoisk.ru//film/77282/;Обыкновенное чудо;no eng title;1978;137;СССР;мюзикл;Марк Захаров;Олег Янковский, Ирина Купченко;8,2;21640
https://www.kinopoisk.ru//film/26656/;Коты-аристократы;The AristoCats;1970;78;США;мультфильм;Вольфганг Райтерман;Фил Харрис, Ева Габор;8,2;20206
https://www.kinopoisk.ru//film/81432/;Формула любви;no eng title;1984;90;СССР;мелодрама;Марк Захаров;Нодар Мгалоблишвили, Александр Абдулов;8,2;24645
https://www.kinopoisk.ru//film/126196/;Жизнь других;Das Leben der Anderen;2006;137;Германия;триллер;Флориан Хенкель фон Доннерсмарк;Ульрих  Мюэ, Себастьян Кох;8,2;45427
https://www.kinopoisk.ru//film/46512/;Максим Перепелица;no eng title;1955;87;СССР;комедия;Анатолий Граник;Леонид Быков, Александр Борисов;8,2;36333
https://www.kinopoisk.ru//film/43602/;Самая обаятельная и привлекательная;no eng title;1985;81;СССР;мелодрама;Геральд Бежанов;Ирина Муравьёва, Татьяна Васильева;8,2;58120
https://www.kinopoisk.ru//film/1091/;Люди в чёрном;Men in Black;1997;98;США;фантастика;Барри Зонненфельд;Томми Ли Джонс, Уилл Смит;8,2;103740
https://www.kinopoisk.ru//film/8147/;Русалочка;The Little Mermaid;1989;83;США;мультфильм;Рон Клементс;Джоди Бенсон, Пэт Кэрролл;8,2;39991
https://www.kinopoisk.ru//film/1254059/;Доктор Лиза;no eng title;2020;120;Россия;драма;Оксана Карас;Чулпан Хаматова, Анджей Хыра;8,2;31211
https://www.kinopoisk.ru//film/1008113/;Таксист;Taeksi unjeonsa;2017;137;Корея;история;Чан Хун;Сон Кан-хо, Томас Кречман;8,2;48060
https://www.kinopoisk.ru//film/1846/;Небесный замок Лапута;Tenkuu no Shiro Laputa;1986;125;Япония;аниме;Хаяо Миядзаки;Кэйко Ёкодзава, Маюми Танака;8,2;10617
https://www.kinopoisk.ru//film/627/;Изгой;Cast Away;2000;143;США;драма;Роберт Земекис;Том Хэнкс, Хелен Хант;8,2;29251
https://www.kinopoisk.ru//film/45748/;Весна на Заречной улице;no eng title;1956;90;СССР;драма;Марлен Хуциев;Нина Иванова, Николай Рыбников;8,2;49921
https://www.kinopoisk.ru//film/693126/;Город героев;Big Hero 6;2014;105;США;мультфильм;Дон Холл;Райан Поттер, Скотт Эдсит;8,2;54446
https://www.kinopoisk.ru//film/5002368/;Доктор;no eng title;2022;120;Россия;драма;Артём Темников;Сергей Пускепалис, Ольга Цирсен;8,2;69247
https://www.kinopoisk.ru//film/40955/;Приходи на меня посмотреть;no eng title;2000;101;Россия;мелодрама;Михаил Агранович;Олег Янковский, Ирина Купченко;8,2;17476
https://www.kinopoisk.ru//film/81733/;Гордость и предубеждение;Pride & Prejudice;2005;129;Великобритания;драма;Джо Райт;Кира Найтли, Мэттью Макфэдиен;8,2;53519
https://www.kinopoisk.ru//film/485311/;Король говорит!;The King's Speech;2010;118;Великобритания;драма;Том Хупер;Колин Фёрт, Джеффри Раш;8,2;61053
https://www.kinopoisk.ru//film/45463/;Человек с бульвара Капуцинов;no eng title;1987;98;СССР;вестерн;Алла Сурикова;Андрей Миронов, Александра Яковлева;8,2;28697
https://www.kinopoisk.ru//film/8222/;Кошмар перед Рождеством;The Nightmare Before Christmas;1993;76;США;мультфильм;Генри Селик;Дэнни Элфман, Крис Сарандон;8,2;31014
https://www.kinopoisk.ru//film/44062/;Свой среди чужих, чужой среди своих;no eng title;1974;93;СССР;боевик;Никита Михалков;Юрий Богатырев, Александр Кайдановский;8,2;32235
https://www.kinopoisk.ru//film/81041/;Алеша Попович и Тугарин Змей;no eng title;2004;79;Россия;мультфильм;Константин Бронзит;Олег Куликович, Дмитрий Высоцкий;8,2;56469
https://www.kinopoisk.ru//film/1234939/;Счастье в конверте;no eng title;2019;103;Россия;семейный;Светлана Суханова;Фёдор Лещев, Ефим Каменецкий;8,2;43528
https://www.kinopoisk.ru//film/471/;Крепкий орешек;Die Hard;1988;133;США;боевик;Джон МакТирнан;Брюс Уиллис, Алан Рикман;8,2;56362
https://www.kinopoisk.ru//film/281251/;Мальчик в полосатой пижаме;The Boy in the Striped Pajamas;2008;94;Великобритания;драма;Марк Херман;Эйса Баттерфилд, Джек Скэнлон;8,2;35025
https://www.kinopoisk.ru//film/86326/;Счастливое число Слевина;Lucky Number Slevin;2005;110;США;триллер;Пол Макгиган;Джош Хартнетт, Брюс Уиллис;8,2;82203
https://www.kinopoisk.ru//film/77531/;Тренер Картер;Coach Carter;2005;136;США;биография;Томас Картер;Сэмюэл Л. Джексон, Роб Браун;8,2;40407
https://www.kinopoisk.ru//film/336/;Пролетая над гнездом кукушки;One Flew Over the Cuckoo's Nest;1975;133;США;драма;Милош Форман;Джек Николсон, Луиза Флетчер;8,2;27040
https://www.kinopoisk.ru//film/751/;Военный ныряльщик;Men of Honor;2000;129;США;драма;Джордж Тиллман мл.;Роберт Де Ниро, Кьюба Гудинг мл.;8,2;27013
https://www.kinopoisk.ru//film/371/;Спасти рядового Райана;Saving Private Ryan;1998;169;США;военный;Стивен Спилберг;Том Хэнкс, Том Сайзмор;8,2;30224
https://www.kinopoisk.ru//film/356/;В джазе только девушки;Some Like It Hot;1959;119;США;мелодрама;Билли Уайлдер;Мэрилин Монро, Тони Кертис;8,2;32528
https://www.kinopoisk.ru//film/885317/;Ученик чудовища;Bakemono no ko;2015;119;Япония;аниме;Мамору Хосода;Сёта Сомэтани, Кодзи Якусё;8,2;43959
https://www.kinopoisk.ru//film/81555/;Загадочная история Бенджамина Баттона;The Curious Case of Benjamin Button;2008;166;США;драма;Дэвид Финчер;Брэд Питт, Кейт Бланшетт;8,2;51444
https://www.kinopoisk.ru//film/689066/;Стражи Галактики;Guardians of the Galaxy;2014;121;США;фантастика;Джеймс Ганн;Крис Пратт, Зои Салдана;8,2;106826
https://www.kinopoisk.ru//film/468102/;О чём говорят мужчины;no eng title;2010;93;Россия;комедия;Дмитрий Дьяченко;Леонид Барац, Александр Демидов;8,2;66113
https://www.kinopoisk.ru//film/1256482/;Расправь крылья;Donne-moi des ailes;2019;113;Франция;драма;Николя Ванье;Жан-Поль Рув, Мелани Дотей;8,2;10326
https://www.kinopoisk.ru//film/341/;Амели;Le Fabuleux destin d'Amlie Poulain;2001;122;Франция;мелодрама;Жан-Пьер Жёне;Одри Тоту, Матьё Кассовиц;8,2;47770
https://www.kinopoisk.ru//film/703187/;Восточный ветер;Ostwind;2013;106;Германия;приключения;Катя фон Гарнье;Ханна Бинке, Марвин Линке;8,2;26156
https://www.kinopoisk.ru//film/84049/;Рапунцель: Запутанная история;Tangled;2010;100;США;мультфильм;Нэйтан Грено;Мэнди Мур, Закари Ливай;8,2;50943
https://www.kinopoisk.ru//film/7226/;Догвилль;Dogville;2003;178;Дания;триллер;Ларс фон Триер;Николь Кидман, Пол Беттани;8,2;24615
https://www.kinopoisk.ru//film/406/;Чужие;Aliens;1986;137;Великобритания;ужасы;Джеймс Кэмерон;Сигурни Уивер, Майкл Бин;8,2;41183
https://www.kinopoisk.ru//film/808639/;Дурак;no eng title;2014;116;Россия;драма;Юрий Быков;Артём Быстров, Наталья Суркова;8,2;72812
https://www.kinopoisk.ru//film/432724/;Гадкий я;Despicable Me;2010;95;США;мультфильм;Пьер Коффан;Стив Карелл, Джейсон Сигел;8,2;78330
https://www.kinopoisk.ru//film/46089/;Берегись автомобиля;no eng title;1966;94;СССР;криминал;Эльдар Рязанов;Иннокентий Смоктуновский, Олег Ефремов;8,2;40036
https://www.kinopoisk.ru//film/45822/;Вокзал для двоих;no eng title;1982;141;СССР;драма;Эльдар Рязанов;Людмила Гурченко, Олег Басилашвили;8,2;36312
https://www.kinopoisk.ru//film/683999/;Отель «Гранд Будапешт»;The Grand Budapest Hotel;2014;100;США;комедия;Уэс Андерсон;Рэйф Файнс, Тони Револори;8,2;81421
https://www.kinopoisk.ru//film/841081/;Ла-Ла Ленд;La La Land;2016;128;США;мюзикл;Дэмьен Шазелл;Райан Гослинг, Эмма Стоун;8,2;45636
https://www.kinopoisk.ru//film/338/;Звёздные войны: Эпизод 5 — Империя наносит ответный удар;Star Wars: Episode V - The Empire Strikes Back;1980;124;США;фантастика;Ирвин Кершнер;Марк Хэмилл, Харрисон Форд;8,2;31450
https://www.kinopoisk.ru//film/939785/;Остров собак;Isle of Dogs;2018;101;США;мультфильм;Уэс Андерсон;Брайан Крэнстон, Кою Ранкин;8,2;12016
https://www.kinopoisk.ru//film/309408/;День выборов;no eng title;2007;125;Россия;комедия;Олег Фомин;Леонид Барац, Ростислав Хаит;8,2;24737
https://www.kinopoisk.ru//film/43007/;По семейным обстоятельствам;no eng title;1978;128;СССР;драма;Алексей Коренев;Галина Польских, Евгения Ханаева;8,2;25483
https://www.kinopoisk.ru//film/601564/;Легенда №17;no eng title;2012;134;Россия;биография;Николай Лебедев;Данила Козловский, Олег Меньшиков;8,2;89643
https://www.kinopoisk.ru//film/1009577/;Евгений Гришковец: Шепот сердца;no eng title;2017;128;Россия;драма;Павел Судаков;Евгений Гришковец;8,2;7775
https://www.kinopoisk.ru//film/3561/;Дневник памяти;The Notebook;2004;124;США;драма;Ник Кассаветис;Райан Гослинг, Рэйчел Макадамс;8,2;33778
https://www.kinopoisk.ru//film/77331/;Ирония судьбы, или С легким паром!;no eng title;1975;184;СССР;мелодрама;Эльдар Рязанов;Андрей Мягков, Барбара Брыльска;8,2;75152
https://www.kinopoisk.ru//film/447/;Звёздные войны: Эпизод 6 — Возвращение Джедая;Star Wars: Episode VI - Return of the Jedi;1983;131;США;фантастика;Ричард Маркуанд;Марк Хэмилл, Харрисон Форд;8,2;28368
https://www.kinopoisk.ru//film/8161/;Джуманджи;Jumanji;1995;104;США;фэнтези;Джо Джонстон;Робин Уильямс, Бонни Хант;8,2;49181
https://www.kinopoisk.ru//film/837530/;Моана;Moana;2016;107;США;мультфильм;Рон Клементс;Аулии Кравальо, Дуэйн Джонсон;8,2;77566
https://www.kinopoisk.ru//film/738/;Жизнь Дэвида Гейла;The Life of David Gale;2002;130;Великобритания;триллер;Алан Паркер;Кевин Спейси, Кейт Уинслет;8,1;52810
https://www.kinopoisk.ru//film/46421/;Невероятные приключения итальянцев в России;no eng title;1973;104;СССР;комедия;Эльдар Рязанов;Андрей Миронов, Нинетто Даволи;8,1;33713
https://www.kinopoisk.ru//film/693969/;Ветер крепчает;Kaze tachinu;2013;126;Япония;аниме;Хаяо Миядзаки;Хидэаки Анно, Миори Такимото;8,1;11380
https://www.kinopoisk.ru//film/367/;Реквием по мечте;Requiem for a Dream;2000;102;США;драма;Даррен Аронофски;Джаред Лето, Марлон Уайанс;8,1;38886
https://www.kinopoisk.ru//film/24701/;Доспехи Бога 2: Операция Кондор;Fei ying gai wak;1991;106;Гонконг;боевик;Джеки Чан;Джеки Чан, Кэрол Чэн;8,1;22077
https://www.kinopoisk.ru//film/382/;Американская история X;American History X;1998;119;США;драма;Тони Кэй;Эдвард Нортон, Эдвард Ферлонг;8,1;19651
https://www.kinopoisk.ru//film/386/;Чужой;Alien;1979;116;Великобритания;ужасы;Ридли Скотт;Сигурни Уивер, Том Скеррит;8,1;47606
https://www.kinopoisk.ru//film/77206/;Собака на сене;no eng title;1977;138;СССР;мюзикл;Ян Фрид;Маргарита Терехова, Михаил Боярский;8,1;17762
https://www.kinopoisk.ru//film/843650/;Мстители: Финал;Avengers: Endgame;2019;181;США;фантастика;Энтони Руссо;Роберт Дауни мл., Крис Эванс;8,1;104414
https://www.kinopoisk.ru//film/39259/;Профессионал;Le professionnel;1981;108;Франция;боевик;Жорж Лотнер;Жан-Поль Бельмондо, Жан Дезайи;8,1;22804
https://www.kinopoisk.ru//film/606646/;12 лет рабства;12 Years a Slave;2013;133;США;драма;Стив МакКуин;Чиветель Эджиофор, Майкл Фассбендер;8,1;55562
https://www.kinopoisk.ru//film/742026/;Битва за Севастополь;no eng title;2015;118;Россия;военный;Сергей Мокрицкий;Юлия Пересильд, Евгений Цыганов;8,1;43644
https://www.kinopoisk.ru//film/44045/;Свадьба в Малиновке;no eng title;1967;95;СССР;мюзикл;Андрей Тутышкин;Владимир Самойлов, Людмила Алфимова;8,1;53979
https://www.kinopoisk.ru//film/1176141/;Гостиница Окко;Wakaokami wa Shougakusei!;2018;94;Япония;аниме;Китаро Косака;Сэиран Кобаяси, Рина Эндо;8,1;14717
https://www.kinopoisk.ru//film/43553/;Аты-баты, шли солдаты...;no eng title;1976;82;СССР;драма;Леонид Быков;Леонид Быков, Владимир Конкин;8,1;10115
https://www.kinopoisk.ru//film/841263/;Стражи Галактики. Часть 2;Guardians of the Galaxy Vol. 2;2017;136;США;фантастика;Джеймс Ганн;Крис Пратт, Зои Салдана;8,1;100027
https://www.kinopoisk.ru//film/392541/;Освобождение: Последний штурм;no eng title;1971;75;СССР;военный;Юрий Озеров;Николай Олялин, Михаил Ножкин;8,1;6832
https://www.kinopoisk.ru//film/512883/;Как приручить дракона 2;How to Train Your Dragon 2;2014;105;США;мультфильм;Дин ДеБлуа;Джей Барушель, Кейт Бланшетт;8,1;34960
https://www.kinopoisk.ru//film/42088/;Республика ШКИД;no eng title;1966;103;СССР;драма;Геннадий Полока;Сергей Юрский, Юлия Бурыгина;8,1;12024
https://www.kinopoisk.ru//film/17579/;Робин Гуд;Robin Hood;1973;83;США;мультфильм;Вольфганг Райтерман;Роджер Миллер, Питер Устинов;8,1;15192
https://www.kinopoisk.ru//film/280174/;Монстры на каникулах;Hotel Transylvania;2012;91;США;мультфильм;Генндий Тартаковский;Адам Сэндлер, Энди Сэмберг;8,1;61745
https://www.kinopoisk.ru//film/493208/;Холодное сердце;Frozen;2013;102;США;мультфильм;Крис Бак;Кристен Белл, Идина Мензел;8,1;67606
https://www.kinopoisk.ru//film/1032308/;Как прогулять школу с пользой;L'cole buissonnire;2017;116;Франция;драма;Николя Ванье;Франсуа Клюзе, Жан Скандель;8,1;18931
https://www.kinopoisk.ru//film/258328/;История игрушек: Большой побег;Toy Story 3;2010;103;США;мультфильм;Ли Анкрич;Том Хэнкс, Тим Аллен;8,1;25890
https://www.kinopoisk.ru//film/9617/;Крупная рыба;Big Fish;2003;125;США;фэнтези;Тим Бёртон;Юэн Макгрегор, Альберт Финни;8,1;26908
https://www.kinopoisk.ru//film/662596/;Бойфренд из будущего;About Time;2013;123;Великобритания;фантастика;Ричард Кёртис;Донал Глисон, Рэйчел Макадамс;8,1;43281
https://www.kinopoisk.ru//film/461939/;Линкольн для адвоката;The Lincoln Lawyer;2011;114;США;криминал;Брэд Фурман;Мэттью МакКонахи, Мариса Томей;8,1;84947
https://www.kinopoisk.ru//film/4484/;Мумия;The Mummy;1999;124;США;фэнтези;Стивен Соммерс;Брендан Фрейзер, Рэйчел Вайс;8,1;102195
https://www.kinopoisk.ru//film/3797/;Адвокат дьявола;The Devil's Advocate;1997;144;США;триллер;Тейлор Хэкфорд;Киану Ривз, Аль Пачино;8,1;57720
https://www.kinopoisk.ru//film/45389/;Золотой телёнок;no eng title;1968;164;СССР;комедия;Михаил Швейцер;Сергей Юрский, Леонид Куравлёв;8,1;19543
https://www.kinopoisk.ru//film/43423/;Афоня;no eng title;1975;92;СССР;драма;Георгий Данелия;Леонид Куравлёв, Евгения Симонова;8,1;69103
https://www.kinopoisk.ru//film/10179/;Блеф;Bluff storia di truffe e di imbroglioni;1976;110;Италия;комедия;Серджио Корбуччи;Адриано Челентано, Энтони Куинн;8,1;23407
https://www.kinopoisk.ru//film/20908/;Невезучие;La chvre;1981;90;Франция;комедия;Франсис Вебер;Пьер Ришар, Жерар Депардье;8,1;29881
https://www.kinopoisk.ru//film/14349/;Такси;Taxi;1998;86;Франция;боевик;Жерар Пирес;Сами Насери, Фредерик Дифенталь;8,1;94776
https://www.kinopoisk.ru//film/41956/;Конец Евангелиона;Shinseiki Evangelion Gekijoban: Air/Magokoro wo, kimi ni;1997;87;Япония;аниме;Хидэаки Анно;Мэгуми Огата, Котоно Мицуиси;8,1;6071
https://www.kinopoisk.ru//film/104992/;Дьявол носит Prada;The Devil Wears Prada;2006;109;США;драма;Дэвид Фрэнкел;Мэрил Стрип, Энн Хэтэуэй;8,1;163665
https://www.kinopoisk.ru//film/391755/;Рождественская история;A Christmas Carol;2009;96;США;мультфильм;Роберт Земекис;Джим Керри, Гари Олдман;8,1;28652
https://www.kinopoisk.ru//film/3442/;Троя;Troy;2004;163;США;боевик;Вольфганг Петерсен;Брэд Питт, Эрик Бана;8,1;47600
https://www.kinopoisk.ru//film/10156/;Как украсть миллион;How to Steal a Million;1966;123;США;комедия;Уильям Уайлер;Одри Хепберн, Питер О’Тул;8,1;14376
https://www.kinopoisk.ru//film/43104/;Полосатый рейс;no eng title;1961;87;СССР;комедия;Владимир Фетин;Алексей Грибов, Иван Дмитриев;8,1;47224
https://www.kinopoisk.ru//film/944098/;Три билборда на границе Эббинга, Миссури;Three Billboards Outside Ebbing, Missouri;2017;115;Великобритания;драма;Мартин Макдона;Фрэнсис Макдорманд, Сэм Рокуэлл;8,1;57801
https://www.kinopoisk.ru//film/94296/;Освобождение: Огненная дуга;no eng title;1968;93;СССР;драма;Юрий Озеров;Михаил Ульянов, Николай Олялин;8,1;12141
https://www.kinopoisk.ru//film/482/;История игрушек;Toy Story;1995;81;США;мультфильм;Джон Лассетер;Том Хэнкс, Тим Аллен;8,1;31340
https://www.kinopoisk.ru//film/44467/;Гараж;no eng title;1979;96;СССР;драма;Эльдар Рязанов;Валентин Гафт, Ия Саввина;8,1;25209
https://www.kinopoisk.ru//film/909720/;Ван Гог. С любовью, Винсент;Loving Vincent;2017;94;Польша;мультфильм;Дорота Кобела;Дуглас Бут, Джош Бердетт;8,1;6131
https://www.kinopoisk.ru//film/929348/;Одаренная;Gifted;2017;101;США;драма;Марк Уэбб;Крис Эванс, Маккенна Грейс;8,1;93511
https://www.kinopoisk.ru//film/44691/;Калина красная;no eng title;1973;110;СССР;драма;Василий Шукшин;Василий Шукшин, Лидия Федосеева-Шукшина;8,1;29680
https://www.kinopoisk.ru//film/1254051/;Солдатик;no eng title;2018;86;Россия;драма;Виктория Фанасютина;Андрей Андреев, Виктор Добронравов;8,1;36883
https://www.kinopoisk.ru//film/928077/;Кинчем — мое сокровище;Kincsem;2017;121;Венгрия;драма;Габор Херенди;Эрвин Надь, Андреа Петрик;8,1;36657
https://www.kinopoisk.ru//film/41442/;Ворошиловский стрелок;no eng title;1999;95;Россия;драма;Станислав Говорухин;Михаил Ульянов, Анна Синякина;8,1;104474
https://www.kinopoisk.ru//film/41239/;Благословите женщину;no eng title;2003;114;Россия;драма;Станислав Говорухин;Светлана Ходченкова, Александр Балуев;8,1;24981
https://www.kinopoisk.ru//film/103734/;Кунг-фу Панда;Kung Fu Panda;2008;91;США;мультфильм;Марк Осборн;Джек Блэк, Дастин Хоффман;8,1;32635
https://www.kinopoisk.ru//film/7653/;Особенности национальной охоты;no eng title;1995;93;Россия;комедия;Александр Рогожкин;Вилле Хаапасало, Алексей Булдаков;8,1;44460
https://www.kinopoisk.ru//film/4695/;Лицо со шрамом;Scarface;1983;170;США;драма;Брайан Де Пальма;Аль Пачино, Стивен Бауэр;8,1;31413
https://www.kinopoisk.ru//film/7121/;Парк Юрского периода;Jurassic Park;1993;127;США;приключения;Стивен Спилберг;Сэм Нил, Лора Дерн;8,1;39212
https://www.kinopoisk.ru//film/2127/;Малыш;The Kid;1921;53;США;драма;Чарльз Чаплин;Чарльз Чаплин, Джеки Кугэн;8,1;5631
https://www.kinopoisk.ru//film/5492/;Вечное сияние чистого разума;Eternal Sunshine of the Spotless Mind;2004;108;США;мелодрама;Мишель Гондри;Джим Керри, Кейт Уинслет;8,1;39854
https://www.kinopoisk.ru//film/596125/;Гонка;Rush;2013;123;Великобритания;спорт;Рон Ховард;Крис Хемсворт, Даниэль Брюль;8,1;29414
https://www.kinopoisk.ru//film/32714/;Шёпот сердца;Mimi wo sumaseba;1995;111;Япония;аниме;Ёсифуми Кондо;Ёко Хонна, Иссэй Такахаси;8,1;7881
https://www.kinopoisk.ru//film/841700/;Марсианин;The Martian;2015;144;США;фантастика;Ридли Скотт;Мэтт Дэймон, Джессика Честейн;8,1;112096
https://www.kinopoisk.ru//film/770973/;Вселенная Стивена Хокинга;The Theory of Everything;2014;123;Великобритания;биография;Джеймс Марш;Эдди Редмэйн, Фелисити Джонс;8,1;32661
https://www.kinopoisk.ru//film/333/;Звёздные войны: Эпизод 4 — Новая надежда;Star Wars;1977;121;США;фантастика;Джордж Лукас;Марк Хэмилл, Харрисон Форд;8,1;39381
https://www.kinopoisk.ru//film/1108571/;Приключения Реми;Rmi sans famille;2018;105;Франция;мелодрама;Антуан Блоссье;Малом Пакуин, Даниель Отой;8,1;14819
https://www.kinopoisk.ru//film/538/;Стальной гигант;The Iron Giant;1999;86;США;мультфильм;Брэд Бёрд;Эли Мариентал, Вин Дизель;8,1;8463
https://www.kinopoisk.ru//film/8335/;Легенда о пианисте;La leggenda del pianista sull'oceano;1998;120;Италия;драма;Джузеппе Торнаторе;Тим Рот, Прюитт Тэйлор Винс;8,1;11830
https://www.kinopoisk.ru//film/255611/;Искупление;Atonement;2007;120;Великобритания;драма;Джо Райт;Кира Найтли, Джеймс МакЭвой;8,1;23951
https://www.kinopoisk.ru//film/8385/;Андрей Рублев;no eng title;1966;175;СССР;драма;Андрей Тарковский;Анатолий Солоницын, Иван Лапиков;8,1;9064
https://www.kinopoisk.ru//film/550910/;Гадкий я 2;Despicable Me 2;2013;98;США;мультфильм;Пьер Коффан;Стив Карелл, Кристен Уиг;8,1;58597
https://www.kinopoisk.ru//film/8219/;Могила светлячков;Hotaru no Haka;1988;88;Япония;аниме;Исао Такахата;Цутому Тацуми, Аяно Сираиси;8,1;6424
https://www.kinopoisk.ru//film/3563/;Трасса 60;Interstate 60;2001;116;Канада;фантастика;Боб Гейл;Джеймс Марсден, Гари Олдман;8,1;32792
https://www.kinopoisk.ru//film/781/;Патриот;The Patriot;2000;165;США;боевик;Роланд Эммерих;Мэл Гибсон, Хит Леджер;8,1;18319
https://www.kinopoisk.ru//film/1209780/;Маугли дикой планеты;Terra Willy: Plante inconnue;2019;90;Франция;мультфильм;Эрик Тости;Тимоте Фон Дорп, Эдуард Баэр;8,1;17260
https://www.kinopoisk.ru//film/6764/;Последний самурай;The Last Samurai;2003;154;США;боевик;Эдвард Цвик;Кэн Ватанабэ, Том Круз;8,1;23665
https://www.kinopoisk.ru//film/546244/;Покорители волн;Chasing Mavericks;2012;111;США;драма;Майкл Аптед;Джерард Батлер, Джонни Уэстон;8,1;11162
https://www.kinopoisk.ru//film/597/;Атлантида: Затерянный мир;Atlantis: The Lost Empire;2001;95;США;мультфильм;Гари Труздейл;Кори Бертон, Клаудия Кристиан;8,1;35979
https://www.kinopoisk.ru//film/539/;Умница Уилл Хантинг;Good Will Hunting;1997;126;США;драма;Гас Ван Сент;Мэтт Дэймон, Робин Уильямс;8,1;17066
https://www.kinopoisk.ru//film/24705/;Доспехи Бога;Lung hing foo dai;1986;88;Гонконг;боевик;Джеки Чан;Джеки Чан, Алан Там;8,1;32712
https://www.kinopoisk.ru//film/1000443/;Балканский рубеж;no eng title;2019;151;Россия;боевик;Андрей Волгин;Антон Пампушный, Гоша Куценко;8,1;64984
https://www.kinopoisk.ru//film/402979/;День радио;no eng title;2008;98;Россия;комедия;Дмитрий Дьяченко;Ростислав Хаит, Камиль Ларин;8,1;22541
https://www.kinopoisk.ru//film/43949/;Спортлото-82;no eng title;1982;89;СССР;комедия;Леонид Гайдай;Альгис Арлаускас, Светлана Аманова;8,1;54437
https://www.kinopoisk.ru//film/1398967/;Её заветное желание;Josee to Tora to Sakana-tachi;2020;99;Япония;аниме;Котаро Тамура;Кая Киёхара, Таиси Накагава;8,1;29758
https://www.kinopoisk.ru//film/42201/;Там, на неведомых дорожках...;no eng title;1982;69;СССР;фэнтези;Михаил Юзовский;Роман Монастырский, Татьяна Пельтцер;8,1;10246
https://www.kinopoisk.ru//film/738499/;Гринч;The Grinch;2018;85;Франция;мультфильм;Ярроу Чейни;Бенедикт Камбербэтч, Кэмерон Сили;8,1;127638
https://www.kinopoisk.ru//film/41982/;Экипаж;no eng title;1979;135;СССР;боевик;Александр Митта;Георгий Жжёнов, Анатолий Васильев;8,1;25757
https://www.kinopoisk.ru//film/4720042/;Побег из космоса;Boonie Bears: Back To Earth;2022;100;Китай;мультфильм;Линь Хуэйда;Чжан Бинцзюнь, Ли Ваньяо;8,1;40869
https://www.kinopoisk.ru//film/1345939/;Сказки Серого Волка;Revolting Rhymes;2016;60;Великобритания;мультфильм;Ян Лахойер;Доминик Уэст, Роуз Лесли;8,1;8277
https://www.kinopoisk.ru//film/2717/;Убить Билла;Kill Bill: Vol. 1;2003;111;США;боевик;Квентин Тарантино;Ума Турман, Люси Лью;8,1;42662
https://www.kinopoisk.ru//film/43970/;Сталкер;no eng title;1979;163;СССР;фантастика;Андрей Тарковский;Александр Кайдановский, Анатолий Солоницын;8,1;23628
https://www.kinopoisk.ru//film/840821/;Кот в сапогах 2: Последнее желание;Puss in Boots: The Last Wish;2022;102;США;мультфильм;Джоэль Кроуфорд;Антонио Бандерас, Сальма Хайек;8,1;76287
https://www.kinopoisk.ru//film/147969/;Безумно влюблённый;Innamorato pazzo;1981;102;Италия;мелодрама;Франко Кастеллано;Адриано Челентано, Орнелла Мути;8,1;19732
https://www.kinopoisk.ru//film/354/;Апокалипсис сегодня;Apocalypse Now;1979;194;США;военный;Фрэнсис Форд Коппола;Марлон Брандо, Мартин Шин;8,1;10470
https://www.kinopoisk.ru//film/263531/;Мстители;The Avengers;2012;137;США;фантастика;Джосс Уидон;Роберт Дауни мл., Крис Эванс;8,1;81426
https://www.kinopoisk.ru//film/681849/;Лучшее предложение;La migliore offerta;2012;131;Италия;триллер;Джузеппе Торнаторе;Джеффри Раш, Джим Стёрджесс;8,1;74522
https://www.kinopoisk.ru//film/818144/;Фердинанд;Ferdinand;2017;108;США;мультфильм;Карлос Салдана;Джон Сина, Кейт МакКиннон;8,1;22384
https://www.kinopoisk.ru//film/1183599/;Огонь;no eng title;2020;131;Россия;драма;Алексей Нужный;Константин Хабенский, Иван Янковский;8,1;73988
https://www.kinopoisk.ru//film/49166/;Коралина в Стране Кошмаров;Coraline;2008;100;США;мультфильм;Генри Селик;Дакота Фаннинг, Кит Дэвид;8,1;29884
https://www.kinopoisk.ru//film/646/;Танцующая в темноте;Dancer in the Dark;2000;140;Дания;мюзикл;Ларс фон Триер;Бьорк, Катрин Денёв;8,1;8061
https://www.kinopoisk.ru//film/468904/;Университет монстров;Monsters University;2013;104;США;мультфильм;Дэн Скэнлон;Джон Гудман, Билли Кристал;8,1;45987
https://www.kinopoisk.ru//film/260162/;Далласский клуб покупателей;Dallas Buyers Club;2013;118;США;драма;Жан-Марк Валле;Мэттью МакКонахи, Дженнифер Гарнер;8,1;77803
https://www.kinopoisk.ru//film/933307/;Опасная игра Слоун;Miss Sloane;2016;132;США;драма;Джон Мэдден;Джессика Честейн, Марк Стронг;8,1;57739
https://www.kinopoisk.ru//film/350/;Славные парни;Goodfellas;1990;140;США;драма;Мартин Скорсезе;Роберт Де Ниро, Рэй Лиотта;8,1;15733
https://www.kinopoisk.ru//film/405/;История игрушек 2;Toy Story 2;1999;92;США;мультфильм;Джон Лассетер;Том Хэнкс, Тим Аллен;8,1;21483
https://www.kinopoisk.ru//film/394/;Бешеные псы;Reservoir Dogs;1991;100;США;криминал;Квентин Тарантино;Харви Кейтель, Тим Рот;8,1;23431
https://www.kinopoisk.ru//film/664/;Семьянин;The Family Man;2000;125;США;фэнтези;Бретт Рэтнер;Николас Кейдж, Теа Леони;8,1;50771
https://www.kinopoisk.ru//film/252156/;Гангстер;American Gangster;2007;157;США;драма;Ридли Скотт;Дензел Вашингтон, Рассел Кроу;8,1;49927
https://www.kinopoisk.ru//film/4632862/;Кунг-фу жеребец;Long ma jing shen;2023;126;Китай;комедия;Ларри Ян;Джеки Чан, Лю Хаоцюнь;8,1;255397
https://www.kinopoisk.ru//film/658/;Похождения императора;The Emperor's New Groove;2000;78;США;мультфильм;Марк Диндал;Дэвид Спейд, Джон Гудман;8,0;34696
https://www.kinopoisk.ru//film/351/;Красота по-американски;American Beauty;1999;122;США;драма;Сэм Мендес;Кевин Спейси, Аннетт Бенинг;8,0;15684
https://www.kinopoisk.ru//film/47015/;Убить Билла 2;Kill Bill: Vol. 2;2004;137;США;боевик;Квентин Тарантино;Ума Турман, Дэвид Кэрредин;8,0;23252
https://www.kinopoisk.ru//film/959606/;Работа без авторства;Werk ohne Autor;2018;189;Германия;биография;Флориан Хенкель фон Доннерсмарк;Том Шиллинг, Себастьян Кох;8,0;34794
https://www.kinopoisk.ru//film/6462/;Рокки;Rocky;1976;120;США;драма;Джон Г. Эвилдсен;Сильвестр Сталлоне, Талия Шайр;8,0;17501
https://www.kinopoisk.ru//film/462606/;Области тьмы;Limitless;2011;105;США;триллер;Нил Бёргер;Брэдли Купер, Роберт Де Ниро;8,0;102395
https://www.kinopoisk.ru//film/41832/;Ковбой Бибоп;Cowboy Bebop: Tengoku no tobira;2001;115;Япония;аниме;Синъитиро Ватанабэ;Коити Ямадэра, Унсё Исидзука;8,0;7882
https://www.kinopoisk.ru//film/522876/;Век Адалин;The Age of Adaline;2015;113;США;драма;Ли Толанд Кригер;Блейк Лайвли, Михил Хёйсман;8,0;76314
https://www.kinopoisk.ru//film/463694/;Землетрясение;Tangshan da dizhen;2010;139;Китай;драма;Фэн Сяоган;Сюй Фань, Чжан Цзинчу;8,0;38848
https://www.kinopoisk.ru//film/518037/;Невозможное;Lo imposible;2012;109;Испания;драма;Хуан Антонио Байона;Наоми Уоттс, Юэн Макгрегор;8,0;35293
https://www.kinopoisk.ru//film/636/;Шоколад;Chocolat;2000;121;Великобритания;драма;Лассе Халльстрём;Жюльет Бинош, Джуди Денч;8,0;31594
https://www.kinopoisk.ru//film/425400/;Пожары;Incendies;2010;131;Канада;драма;Дени Вильнёв;Лубна Азабаль, Мелисса Дезормо-Полен;8,0;30938
https://www.kinopoisk.ru//film/45028/;Курьер;no eng title;1986;88;СССР;драма;Карен Шахназаров;Федор Дунаевский, Анастасия Немоляева;8,0;42853
https://www.kinopoisk.ru//film/780194/;Лапа;Mancs;2015;92;Венгрия;драма;Роберт-Адриан Пежо;Жольт Трилль, Тамаш Керестеш;8,0;35048
https://www.kinopoisk.ru//film/1029023/;Восточный ветер 3: Наследие Оры;Ostwind 3 - Aufbruch nach Ora;2017;110;Германия;драма;Катя фон Гарнье;Ханна Бинке, Яннис Нивёнер;8,0;11472
https://www.kinopoisk.ru//film/5167/;Эффект бабочки;The Butterfly Effect;2003;113;США;фантастика;Эрик Бресс;Эштон Кутчер, Эми Смарт;8,0;28577
https://www.kinopoisk.ru//film/6695/;Звёздные войны: Эпизод 1 — Скрытая угроза;Star Wars: Episode I - The Phantom Menace;1999;136;США;фантастика;Джордж Лукас;Лиам Нисон, Юэн Макгрегор;8,0;47874
https://www.kinopoisk.ru//film/844/;Звёздные войны: Эпизод 2 — Атака клонов;Star Wars: Episode II - Attack of the Clones;2002;142;США;фантастика;Джордж Лукас;Юэн Макгрегор, Хейден Кристенсен;8,0;38057
https://www.kinopoisk.ru//film/42807/;Ошибка резидента;no eng title;1968;134;СССР;детектив;Вениамин Дорман;Георгий Жжёнов, Михаил Ножкин;8,0;11089
https://www.kinopoisk.ru//film/462867/;Голос улиц;Straight Outta Compton;2015;147;США;биография;Ф. Гэри Грей;О’Ши Джексон мл., Кори Хокинс;8,0;19169
https://www.kinopoisk.ru//film/75871/;Олдбой;Oldeuboi;2003;120;Корея;триллер;Пак Чхан-ук;Чхве Мин-сик, Ю Джи-тхэ;8,0;51068
https://www.kinopoisk.ru//film/589290/;Бегущий по лезвию 2049;Blade Runner 2049;2017;164;США;фантастика;Дени Вильнёв;Райан Гослинг, Харрисон Форд;8,0;86872
https://www.kinopoisk.ru//film/469/;Однажды в Америке;Once Upon a Time in America;1983;229;Италия;драма;Серджио Леоне;Роберт Де Ниро, Джеймс Вудс;8,0;12675
https://www.kinopoisk.ru//film/661/;Эрин Брокович;Erin Brockovich;2000;126;США;драма;Стивен Содерберг;Джулия Робертс, Альберт Финни;8,0;18558
https://www.kinopoisk.ru//film/6303/;Хищник;Predator;1987;104;США;ужасы;Джон МакТирнан;Арнольд Шварценеггер, Карл Уэзерс;8,0;50863
https://www.kinopoisk.ru//film/8229/;Порко Россо;Kurenai no buta;1992;94;Япония;аниме;Хаяо Миядзаки;Сюитиро Морияма, Токико Като;8,0;6838
https://www.kinopoisk.ru//film/1015471/;Райя и последний дракон;Raya and the Last Dragon;2021;107;США;мультфильм;Дон Холл;Келли Мари Трэн, Аквафина;8,0;60203
https://www.kinopoisk.ru//film/491724/;Девушка с татуировкой дракона;The Girl with the Dragon Tattoo;2011;158;США;детектив;Дэвид Финчер;Дэниэл Крэйг, Руни Мара;8,0;72818
https://www.kinopoisk.ru//film/7466/;Бронкская история;A Bronx Tale;1993;121;США;драма;Роберт Де Ниро;Роберт Де Ниро, Чазз Пальминтери;8,0;12563
https://www.kinopoisk.ru//film/864/;Планета сокровищ;Treasure Planet;2002;95;США;мультфильм;Рон Клементс;Роско Ли Браун, Кори Бертон;8,0;12969
https://www.kinopoisk.ru//film/635370/;Всегда;Ojik geudaeman;2011;105;Корея;мелодрама;Сон Иль-гон;Со Джи-соп, Хан Хё-джу;8,0;18180
https://www.kinopoisk.ru//film/442568/;Воин;Warrior;2011;140;США;драма;Гэвин О’Коннор;Джоэл Эдгертон, Том Харди;8,0;24400
https://www.kinopoisk.ru//film/875/;Спеши любить;A Walk to Remember;2002;101;США;драма;Адам Шенкман;Шейн Уэст, Мэнди Мур;8,0;27223
https://www.kinopoisk.ru//film/757898/;Воровка книг;The Book Thief;2013;131;Германия;драма;Брайан Персивал;Софи Нелисс, Джеффри Раш;8,0;15433
https://www.kinopoisk.ru//film/46367/;Не могу сказать «прощай»;no eng title;1982;91;СССР;драма;Борис Дуров;Сергей Варчук, Анастасия Иванова;8,0;23868
https://www.kinopoisk.ru//film/44299/;Доживем до понедельника;no eng title;1968;106;СССР;мелодрама;Станислав Ростоцкий;Вячеслав Тихонов, Ирина Печерникова;8,0;10457
https://www.kinopoisk.ru//film/2950/;Пробуждение;Awakenings;1990;121;США;драма;Пенни Маршалл;Роберт Де Ниро, Робин Уильямс;8,0;8815
https://www.kinopoisk.ru//film/8231/;Золушка;Cinderella;1949;74;США;мультфильм;Клайд Джероними;Илен Вудс, Элеонор Одли;8,0;20311
https://www.kinopoisk.ru//film/1115117/;RRR: Рядом ревёт революция;RRR;2022;187;Индия;боевик;С.С. Раджамули;НТР мл., Рам Чаран Теджа;8,0;107782
https://www.kinopoisk.ru//film/80740/;Папа;no eng title;2004;94;Россия;драма;Владимир Машков;Владимир Машков, Егор Бероев;8,0;15934
https://www.kinopoisk.ru//film/43982/;Старший сын;no eng title;1975;134;СССР;драма;Виталий Мельников;Евгений Леонов, Николай Караченцов;8,0;9267
https://www.kinopoisk.ru//film/279850/;Марли и я;Marley & Me;2008;111;США;драма;Дэвид Фрэнкел;Оуэн Уилсон, Дженнифер Энистон;8,0;12981
https://www.kinopoisk.ru//film/1000038/;Жираф Раф;Dikkertje Dap;2017;74;Нидерланды;семейный;Барбара Бредеро;Лиам де Фриз, Мартейн Фишер;8,0;11344
https://www.kinopoisk.ru//film/6144/;Реальная любовь;Love Actually;2003;129;Великобритания;мелодрама;Ричард Кёртис;Хью Грант, Билл Найи;8,0;37057
https://www.kinopoisk.ru//film/464413/;Мы купили зоопарк;We Bought a Zoo;2011;124;США;драма;Кэмерон Кроу;Мэтт Дэймон, Скарлетт Йоханссон;8,0;21518
https://www.kinopoisk.ru//film/42535/;Усатый нянь;no eng title;1977;75;СССР;комедия;Владимир Грамматиков;Сергей Проханов, Людмила Шагалова;8,0;16870
https://www.kinopoisk.ru//film/42398/;Я шагаю по Москве;no eng title;1963;78;СССР;мелодрама;Георгий Данелия;Никита Михалков, Алексей Локтев;8,0;18998
https://www.kinopoisk.ru//film/147818/;Добрыня Никитич и Змей Горыныч;no eng title;2006;68;Россия;мультфильм;Илья Максимов;Валерий Соловьев, Юрий Тарасов;8,0;25546
https://www.kinopoisk.ru//film/43986/;Старый Новый год;no eng title;1980;138;СССР;комедия;Наум Ардашников;Вячеслав Невинный, Александр Калягин;8,0;11622
https://www.kinopoisk.ru//film/730665/;Сад изящных слов;Koto no ha no niwa;2013;46;Япония;аниме;Макото Синкай;Мию Ирино, Кана Ханадзава;8,0;28537
https://www.kinopoisk.ru//film/4087/;Рэмбо: Первая кровь;First Blood;1982;93;США;боевик;Тед Котчефф;Сильвестр Сталлоне, Ричард Кренна;8,0;32526
https://www.kinopoisk.ru//film/14288/;Васаби;Wasabi;2001;94;Франция;боевик;Жерар Кравчик;Жан Рено, Рёко Хиросуэ;8,0;113794
https://www.kinopoisk.ru//film/1006695/;Брат;Hyeong;2016;110;Корея;драма;Квон Су-гён;Чо Джон-сок, То Гён-су;8,0;13991
https://www.kinopoisk.ru//film/46420/;Неуловимые мстители;no eng title;1966;74;СССР;боевик;Эдмонд Кеосаян;Виктор Косых, Ефим Копелян;8,0;24274
https://www.kinopoisk.ru//film/8366/;Нечто;The Thing;1982;109;США;ужасы;Джон Карпентер;Курт Рассел, Кит Дэвид;8,0;30963
https://www.kinopoisk.ru//film/958541/;Легенда о волках;WolfWalkers;2020;103;Ирландия;мультфильм;Томм Мур;Онор Нифси, Эва Уитэйкер;8,0;7072
https://www.kinopoisk.ru//film/408410/;Гран Торино;Gran Torino;2008;116;США;драма;Клинт Иствуд;Клинт Иствуд, Би Ванг;8,0;16754
https://www.kinopoisk.ru//film/46294/;Начало;no eng title;1970;86;СССР;драма;Глеб Панфилов;Инна Чурикова, Валентина Теличкина;8,0;9584
https://www.kinopoisk.ru//film/1374756/;Маленький Николя;Le petit Nicolas: Qu'est-ce qu'on attend pour tre heureux?;2022;82;Франция;мультфильм;Амандин Фредон;Симон Фалю, Ален Шаба;8,0;5506
https://www.kinopoisk.ru//film/794620/;Белль и Себастьян;Belle et Sbastien;2013;104;Франция;драма;Николя Ванье;Феликс Боссюэ, Чеки Карио;8,0;16721
https://www.kinopoisk.ru//film/2467/;Охотники за привидениями;Ghostbusters;1984;105;США;фантастика;Айвен Райтман;Билл Мюррей, Дэн Эйкройд;8,0;33659
https://www.kinopoisk.ru//film/45798/;Влюблен по собственному желанию;no eng title;1982;84;СССР;драма;Сергей Микаэлян;Олег Янковский, Евгения Глушенко;8,0;16592
https://www.kinopoisk.ru//film/515/;На игле;Trainspotting;1995;93;Великобритания;драма;Дэнни Бойл;Юэн Макгрегор, Юэн Бремнер;8,0;18555
https://www.kinopoisk.ru//film/729/;История рыцаря;A Knight's Tale;2001;132;США;боевик;Брайан Хелгеленд;Хит Леджер, Руфус Сьюэлл;8,0;21496
https://www.kinopoisk.ru//film/44123/;Дело было в Пенькове;no eng title;1957;100;СССР;драма;Станислав Ростоцкий;Майя Менглет, Вячеслав Тихонов;8,0;15708
https://www.kinopoisk.ru//film/47237/;Бэтмен: Начало;Batman Begins;2005;140;США;боевик;Кристофер Нолан;Кристиан Бэйл, Кэти Холмс;8,0;38375
https://www.kinopoisk.ru//film/692861/;Исчезнувшая;Gone Girl;2014;149;США;триллер;Дэвид Финчер;Бен Аффлек, Розамунд Пайк;8,0;75259
https://www.kinopoisk.ru//film/1188248/;Калашников;no eng title;2020;104;Россия;биография;Константин Буслов;Юра Борисов, Ольга Лерман;8,0;71630
https://www.kinopoisk.ru//film/8421/;Эдвард руки-ножницы;Edward Scissorhands;1990;105;США;фэнтези;Тим Бёртон;Джонни Депп, Вайнона Райдер;8,0;36882
https://www.kinopoisk.ru//film/880/;Чего хотят женщины;What Women Want;2000;127;США;мелодрама;Нэнси Майерс;Мэл Гибсон, Хелен Хант;8,0;74548
https://www.kinopoisk.ru//film/1235963/;Иван Царевич и Серый Волк 4;no eng title;2019;88;Россия;мультфильм;Дарина Шмидт;Никита Ефремов, Иван Охлобыстин;8,0;57843
https://www.kinopoisk.ru//film/46019/;Баллада о солдате;no eng title;1959;89;СССР;драма;Григорий Чухрай;Владимир Ивашов, Жанна Прохоренко;8,0;6298
https://www.kinopoisk.ru//film/252641/;Хранители;Watchmen;2009;162;США;фантастика;Зак Снайдер;Патрик Уилсон, Мэттью Гуд;8,0;33061
https://www.kinopoisk.ru//film/418/;Цельнометаллическая оболочка;Full Metal Jacket;1987;116;Великобритания;драма;Стэнли Кубрик;Мэттью Модайн, Адам Болдуин;8,0;16865
https://www.kinopoisk.ru//film/1219417/;Дитя погоды;Tenki no ko;2019;112;Япония;аниме;Макото Синкай;Котаро Дайго, Нана Мори;8,0;37211
https://www.kinopoisk.ru//film/5012/;Гаттака;Gattaca;1997;106;США;фантастика;Эндрю Никкол;Итан Хоук, Джуд Лоу;8,0;26731
https://www.kinopoisk.ru//film/840526/;Евгений Гришковец: Прощание с бумагой;no eng title;2014;155;Россия;драма;Павел Судаков;Евгений Гришковец;8,0;2771
https://www.kinopoisk.ru//film/647671/;Охота;Jagten;2012;115;Дания;драма;Томас Винтерберг;Мадс Миккельсен, Томас Бо Ларсен;8,0;24238
https://www.kinopoisk.ru//film/348/;Эта замечательная жизнь;It's a Wonderful Life;1947;130;США;фэнтези;Фрэнк Капра;Джеймс Стюарт, Донна Рид;8,0;4390
https://www.kinopoisk.ru//film/807682/;Логан;Logan;2017;137;США;фантастика;Джеймс Мэнголд;Хью Джекман, Патрик Стюарт;8,0;41400
https://www.kinopoisk.ru//film/507/;Терминатор;The Terminator;1984;108;США;фантастика;Джеймс Кэмерон;Арнольд Шварценеггер, Майкл Бин;8,0;37192
https://www.kinopoisk.ru//film/86621/;Бесподобный мистер Фокс;Fantastic Mr. Fox;2009;87;Великобритания;мультфильм;Уэс Андерсон;Джордж Клуни, Мэрил Стрип;8,0;8576
https://www.kinopoisk.ru//film/321842/;Предложение;The Proposal;2009;108;США;мелодрама;Энн Флетчер;Сандра Буллок, Райан Рейнольдс;8,0;114349
https://www.kinopoisk.ru//film/1043758/;Паразиты;Gisaengchung;2019;131;Корея;драма;Пон Джун-хо;Сон Кан-хо, Ли Сон-гюн;8,0;142156
https://www.kinopoisk.ru//film/38903/;Суперсемейка;The Incredibles;2004;115;США;мультфильм;Брэд Бёрд;Крэйг Т. Нельсон, Холли Хантер;8,0;27728
https://www.kinopoisk.ru//film/3793/;Константин: Повелитель тьмы;Constantine;2005;121;США;фэнтези;Фрэнсис Лоуренс;Киану Ривз, Рэйчел Вайс;8,0;80668
https://www.kinopoisk.ru//film/45398/;Золушка;no eng title;1947;84;СССР;мюзикл;Надежда Кошеверова;Янина Жеймо, Алексей Консовский;8,0;17821
https://www.kinopoisk.ru//film/586260/;Ральф;Wreck-It Ralph;2012;101;США;мультфильм;Рич Мур;Джон Си Райли, Сара Силверман;8,0;29949
https://www.kinopoisk.ru//film/258885/;Пока не сыграл в ящик;The Bucket List;2007;97;США;драма;Роб Райнер;Джек Николсон, Морган Фриман;8,0;21431
https://www.kinopoisk.ru//film/42248/;Тихий Дон;no eng title;1957;350;СССР;драма;Сергей Герасимов;Петр Глебов, Элина Быстрицкая;8,0;17018
https://www.kinopoisk.ru//film/45524/;Чучело;no eng title;1983;127;СССР;драма;Ролан Быков;Кристина Орбакайте, Юрий Никулин;8,0;13762
